Account ID,Current Season Ticket Holder?,Has 2021 Season Tickets,Had 2019 Season Tickets,Had 2018 Season Tickets,Had 2017 Season Tickets
TWN1005,NO,0,1,0,0
TWN1005584,Yes,1,1,1,1
TWN1019118,Yes,1,1,1,1
TWN1022360,NO,0,0,0,1
TWN1025177,NO,0,0,0,0
TWN1028,NO,0,0,1,1
TWN1028245,Yes,1,1,0,0
TWN1028260,NO,0,0,0,1
TWN1028276,Yes,1,1,1,1
TWN1028282,NO,0,0,0,1
TWN1028297,NO,0,0,0,0
TWN1028341,NO,0,0,0,1
TWN1028362,Yes,1,0,0,0
TWN1028375,NO,0,0,1,1
TWN1028425,NO,0,1,1,0
TWN1028449,Yes,1,0,0,0
TWN1028470,NO,0,0,1,1
TWN1028472,NO,0,0,1,1
TWN1028486,NO,0,0,1,1
TWN1028520,NO,0,0,1,1
TWN1028535,NO,0,0,0,0
TWN1028571,NO,0,0,1,1
TWN1028577,NO,0,0,0,1
TWN1028591,Yes,1,0,0,0
TWN1028597,Yes,1,0,0,0
TWN1028625,NO,0,1,0,0
TWN1028645,Yes,1,1,0,0
TWN1028696,NO,0,0,0,1
TWN1028705,NO,0,0,1,1
TWN1028722,NO,0,0,0,0
TWN1028732,NO,0,0,1,0
TWN1028886,NO,0,0,1,0
TWN1028893,Yes,1,1,1,1
TWN1029049,NO,0,1,0,0
TWN1029067,NO,0,0,1,0
TWN1029140,NO,0,0,0,0
TWN1029171,NO,0,0,1,1
TWN1029222,NO,0,0,0,1
TWN1029248,NO,0,0,1,1
TWN1029258,NO,0,0,0,0
TWN1029272,NO,0,1,0,0
TWN1029283,Yes,1,1,1,1
TWN1029334,NO,0,0,0,0
TWN1029339,NO,0,1,0,0
TWN1029461,Yes,1,1,1,1
TWN1029515,NO,0,1,1,0
TWN1029522,NO,0,0,0,1
TWN1029578,Yes,1,0,0,0
TWN1029610,NO,0,1,0,0
TWN1030592,NO,0,0,1,1
TWN1030808,Yes,1,0,0,0
TWN1030825,Yes,1,1,1,1
TWN1030854,Yes,1,1,1,1
TWN1031002,Yes,1,1,1,1
TWN1031060,NO,0,0,0,1
TWN1031214,NO,0,0,1,1
TWN1031466,NO,0,0,0,1
TWN1031469,Yes,1,1,0,0
TWN1031658,Yes,1,1,0,0
TWN1031672,NO,0,0,1,1
TWN1031780,NO,0,0,1,1
TWN1031984,NO,0,1,0,0
TWN1032019,Yes,1,1,1,1
TWN1032261,NO,0,1,1,0
TWN1032589,Yes,1,1,1,1
TWN1032708,NO,0,0,1,1
TWN1032744,NO,0,1,0,0
TWN1032874,NO,0,0,0,0
TWN1032887,NO,0,0,1,1
TWN1032925,Yes,1,1,0,0
TWN1032928,Yes,1,1,1,1
TWN1032957,NO,0,0,1,0
TWN1032985,NO,0,1,0,0
TWN1033497,Yes,1,1,0,0
TWN1033503,NO,0,1,1,1
TWN1033659,NO,0,0,0,0
TWN1033690,NO,0,0,0,1
TWN1034268,Yes,1,0,0,0
TWN1034497,NO,0,1,1,0
TWN1034990,NO,0,0,0,1
TWN1035052,NO,0,0,0,0
TWN1035139,NO,0,0,0,0
TWN1035260,NO,0,1,0,0
TWN1035362,Yes,1,0,0,0
TWN1035533,NO,0,0,1,0
TWN1035677,NO,0,0,1,1
TWN1035897,NO,0,1,0,0
TWN1036111,NO,0,0,1,1
TWN1036294,NO,0,1,0,0
TWN1036308,Yes,1,1,1,1
TWN1036318,Yes,1,0,0,0
TWN1036796,Yes,1,0,0,0
TWN1037373,NO,0,1,0,0
TWN1038148,Yes,1,1,1,1
TWN1038151,Yes,1,1,1,1
TWN1038192,NO,0,1,0,0
TWN1038418,NO,0,1,0,0
TWN1038560,Yes,1,1,1,1
TWN1038778,Yes,1,0,0,0
TWN1038916,Yes,1,1,1,1
TWN1039338,Yes,1,0,0,0
TWN1040811,NO,0,1,0,0
TWN1041778,NO,0,0,0,0
TWN1041826,NO,0,1,0,0
TWN1041924,NO,0,0,0,1
TWN1041965,NO,0,0,0,0
TWN1042824,NO,0,0,1,1
TWN1043996,Yes,1,0,0,0
TWN1044101,Yes,1,1,0,0
TWN1044523,Yes,1,0,0,0
TWN1044622,NO,0,1,1,0
TWN1044624,NO,0,0,0,0
TWN1044675,NO,0,0,1,1
TWN1045411,NO,0,0,0,1
TWN1045515,NO,0,0,0,0
TWN1047990,NO,0,0,0,1
TWN1048,NO,0,0,0,1
TWN1048391,NO,0,0,0,1
TWN1048564,NO,0,1,1,0
TWN1050857,NO,0,0,0,0
TWN1051241,Yes,1,0,0,0
TWN1052799,NO,0,0,0,0
TWN1054502,NO,0,1,0,0
TWN1054527,NO,0,0,0,0
TWN1055666,NO,0,1,1,0
TWN1056,NO,0,1,0,0
TWN1056000,Yes,1,1,1,1
TWN1056850,Yes,1,0,0,0
TWN1059116,NO,0,1,0,0
TWN1060228,NO,0,0,1,0
TWN1062830,NO,0,0,0,0
TWN1067495,NO,0,0,0,0
TWN107069,NO,0,0,0,0
TWN1074042,Yes,1,1,0,0
TWN1074546,Yes,1,1,1,1
TWN1074648,Yes,1,0,0,0
TWN1076694,Yes,1,0,0,0
TWN1077780,Yes,1,1,1,1
TWN1081,NO,0,0,0,0
TWN1082888,NO,0,1,1,0
TWN1083715,NO,0,1,0,0
TWN1090778,Yes,1,1,1,1
TWN1092,Yes,1,1,1,1
TWN1095430,NO,0,0,1,0
TWN1096,NO,0,0,0,0
TWN1100886,NO,0,0,0,1
TWN1102229,NO,0,0,0,1
TWN1103355,Yes,1,1,1,1
TWN111066,NO,0,0,1,1
TWN1110872,Yes,1,0,0,0
TWN1114858,NO,0,1,0,0
TWN1114880,NO,0,1,0,0
TWN1114882,NO,0,0,0,1
TWN1114887,NO,0,0,0,1
TWN1114947,NO,0,1,1,0
TWN1114965,NO,0,0,0,1
TWN1115018,Yes,1,1,0,0
TWN1115039,NO,0,0,0,0
TWN1115087,Yes,1,0,0,0
TWN1115112,Yes,1,1,1,1
TWN1115114,Yes,1,0,0,0
TWN1115126,Yes,1,1,1,1
TWN1115130,NO,0,0,1,0
TWN1115161,Yes,1,1,1,1
TWN1115180,Yes,1,0,0,0
TWN1115205,Yes,1,1,1,1
TWN1115206,Yes,1,1,1,1
TWN1115227,Yes,1,1,1,1
TWN1115252,Yes,1,1,1,1
TWN1115257,NO,0,0,1,0
TWN1115259,NO,0,0,0,1
TWN1115268,NO,0,0,0,1
TWN1115274,NO,0,0,0,1
TWN1115277,NO,0,0,0,0
TWN1115292,Yes,1,1,1,1
TWN1115306,NO,0,0,1,0
TWN1115310,NO,0,1,1,1
TWN1115314,NO,0,0,0,1
TWN1115321,NO,0,0,1,0
TWN1115334,Yes,1,0,0,0
TWN1115384,NO,0,0,0,1
TWN1115402,NO,0,0,1,0
TWN1115417,Yes,1,0,0,0
TWN1115421,Yes,1,1,1,1
TWN1115429,NO,0,0,1,1
TWN1115435,Yes,1,0,0,0
TWN1115447,NO,0,0,1,0
TWN1115456,Yes,1,1,1,1
TWN1115465,NO,0,0,0,0
TWN1115470,NO,0,0,1,1
TWN1115481,NO,0,0,0,0
TWN1115495,NO,0,0,1,1
TWN1115526,NO,0,0,0,1
TWN1115533,Yes,1,1,1,1
TWN1115562,Yes,1,0,0,0
TWN1115579,NO,0,0,1,1
TWN1115581,Yes,1,1,0,0
TWN1115613,NO,0,1,1,0
TWN1115619,NO,0,0,1,1
TWN1115629,NO,0,0,0,0
TWN1115694,Yes,1,0,0,0
TWN1115698,NO,0,0,0,1
TWN1115703,NO,0,0,1,1
TWN1115714,NO,0,1,0,0
TWN1115725,NO,0,0,0,1
TWN1115819,NO,0,0,1,1
TWN1115820,NO,0,1,0,0
TWN1115823,Yes,1,1,1,1
TWN1115829,NO,0,0,0,0
TWN1115843,Yes,1,1,1,1
TWN1115857,Yes,1,1,1,1
TWN1115869,Yes,1,1,1,1
TWN1115898,Yes,1,1,1,1
TWN1115902,NO,0,0,0,0
TWN1115910,NO,0,0,0,0
TWN1115922,NO,0,0,1,0
TWN1115948,Yes,1,0,0,0
TWN1115956,Yes,1,0,0,0
TWN1115960,NO,0,0,1,0
TWN1115979,Yes,1,1,1,1
TWN1116022,NO,0,1,0,0
TWN1116064,Yes,1,1,1,1
TWN1116082,NO,0,0,0,0
TWN1116142,Yes,1,1,1,1
TWN1116145,Yes,1,1,1,1
TWN1116191,NO,0,0,1,0
TWN1116201,NO,0,0,0,0
TWN1116235,NO,0,1,0,0
TWN1116253,NO,0,0,0,0
TWN1116292,NO,0,1,0,0
TWN1116301,NO,0,1,1,0
TWN1116302,NO,0,1,0,0
TWN1116312,NO,0,1,0,0
TWN1116317,Yes,1,0,0,0
TWN1116338,Yes,1,1,1,1
TWN1116372,NO,0,1,1,0
TWN1116400,Yes,1,1,1,1
TWN1116419,NO,0,1,0,0
TWN1116438,NO,0,0,0,0
TWN1116455,Yes,1,0,0,0
TWN1116469,NO,0,1,0,0
TWN1116481,Yes,1,1,1,1
TWN1116485,Yes,1,1,1,1
TWN1116527,Yes,1,0,0,0
TWN1116530,Yes,1,0,0,0
TWN1116543,NO,0,1,0,0
TWN1116555,Yes,1,0,0,0
TWN1116563,Yes,1,1,1,1
TWN1116564,NO,0,0,1,1
TWN1116584,Yes,1,0,0,0
TWN1116610,Yes,1,0,0,0
TWN1116614,NO,0,0,0,0
TWN1116636,NO,0,1,1,0
TWN1116639,Yes,1,1,1,1
TWN1116660,Yes,1,0,0,0
TWN1116705,Yes,1,0,0,0
TWN1116774,NO,0,1,0,0
TWN1116781,Yes,1,0,0,0
TWN1116845,NO,0,0,0,1
TWN1116882,NO,0,0,1,1
TWN1116966,NO,0,0,0,0
TWN1116982,NO,0,1,0,0
TWN1117072,NO,0,0,1,1
TWN1117073,NO,0,0,0,0
TWN1117132,NO,0,0,1,1
TWN1117140,Yes,1,0,0,0
TWN1117153,Yes,1,0,0,0
TWN1117173,Yes,1,1,1,1
TWN1117239,NO,0,1,1,0
TWN1117262,Yes,1,1,1,1
TWN1117272,Yes,1,0,0,0
TWN1117315,NO,0,0,0,1
TWN1117321,Yes,1,0,0,0
TWN1117339,NO,0,1,0,0
TWN1117375,Yes,1,1,1,1
TWN1117430,NO,0,0,1,1
TWN1117486,NO,0,0,1,1
TWN1117496,Yes,1,0,0,0
TWN1117911,NO,0,1,0,0
TWN1117919,NO,0,0,0,0
TWN1117963,NO,0,0,0,0
TWN1117996,NO,0,0,0,1
TWN1118024,Yes,1,0,0,0
TWN1118049,NO,0,0,1,1
TWN1118079,NO,0,0,0,0
TWN1118081,Yes,1,1,1,1
TWN1118108,NO,0,0,0,0
TWN1118126,Yes,1,1,0,0
TWN1118194,Yes,1,0,0,0
TWN1118229,NO,0,0,0,0
TWN1118249,NO,0,0,1,1
TWN1118826,NO,0,0,0,0
TWN1119960,Yes,1,0,0,0
TWN1120271,NO,0,0,1,0
TWN1120451,Yes,1,1,1,1
TWN1120689,NO,0,1,0,0
TWN1121233,NO,0,0,0,1
TWN1121335,Yes,1,1,1,1
TWN1121542,Yes,1,1,1,1
TWN1121602,NO,0,1,1,0
TWN1121819,NO,0,1,0,0
TWN1121837,Yes,1,1,0,0
TWN1121978,Yes,1,1,0,0
TWN1121992,Yes,1,1,1,1
TWN1122309,Yes,1,1,0,0
TWN1122412,Yes,1,1,1,1
TWN1122427,NO,0,0,1,0
TWN1122537,NO,0,1,0,0
TWN1122785,Yes,1,1,1,1
TWN1122851,NO,0,1,0,0
TWN1122958,Yes,1,0,0,0
TWN1123054,NO,0,0,1,1
TWN1123407,NO,0,0,0,1
TWN1123826,Yes,1,1,1,1
TWN1123935,NO,0,0,1,0
TWN1123943,Yes,1,1,1,1
TWN1124,NO,0,1,0,0
TWN1124036,NO,0,1,1,0
TWN1124237,NO,0,0,0,0
TWN1124284,NO,0,0,1,0
TWN1124735,NO,0,0,0,1
TWN1125064,Yes,1,1,1,1
TWN1125195,Yes,1,1,0,0
TWN1125675,Yes,1,1,0,0
TWN1125689,Yes,1,0,0,0
TWN1125697,NO,0,0,1,1
TWN1125823,Yes,1,0,0,0
TWN1125874,NO,0,1,1,0
TWN1126040,NO,0,0,0,0
TWN1126054,NO,0,1,0,0
TWN1126076,NO,0,1,1,1
TWN1126120,NO,0,1,0,0
TWN1126251,NO,0,0,1,1
TWN1126264,NO,0,0,0,1
TWN1126279,NO,0,0,0,0
TWN1126331,Yes,1,1,1,1
TWN1126372,Yes,1,1,1,1
TWN1126381,NO,0,0,1,1
TWN1126385,Yes,1,1,1,1
TWN1126628,NO,0,0,0,0
TWN1127082,Yes,1,0,0,0
TWN1127189,NO,0,0,0,0
TWN1127337,Yes,1,1,1,1
TWN1127426,NO,0,0,0,1
TWN1127524,NO,0,0,0,0
TWN1127657,Yes,1,0,0,0
TWN1128000,Yes,1,1,1,1
TWN1128176,NO,0,0,0,0
TWN1128251,NO,0,0,0,0
TWN1128496,Yes,1,0,0,0
TWN1129074,Yes,1,1,1,1
TWN1129518,NO,0,0,1,1
TWN1130169,Yes,1,1,1,1
TWN1130426,Yes,1,1,1,1
TWN1131456,Yes,1,1,1,1
TWN1133270,Yes,1,1,1,1
TWN1133764,Yes,1,1,1,1
TWN1134066,NO,0,1,0,0
TWN1134475,Yes,1,0,0,0
TWN1135470,NO,0,0,0,1
TWN1135643,NO,0,0,1,0
TWN1136412,Yes,1,0,0,0
TWN1137068,NO,0,0,1,0
TWN1137346,Yes,1,1,1,1
TWN1138482,Yes,1,0,0,0
TWN1139099,NO,0,0,1,0
TWN1141870,Yes,1,0,0,0
TWN1142345,NO,0,0,1,1
TWN1145911,Yes,1,0,0,0
TWN1146634,Yes,1,1,1,1
TWN1148956,NO,0,0,0,1
TWN1149,Yes,1,1,1,1
TWN1150790,Yes,1,1,1,1
TWN1151447,NO,0,1,0,0
TWN1152797,NO,0,1,1,0
TWN1154074,Yes,1,0,0,0
TWN1155625,NO,0,0,0,1
TWN1155854,NO,0,0,1,1
TWN1160547,Yes,1,1,1,1
TWN1162,NO,0,1,0,0
TWN1162715,NO,0,0,1,1
TWN1163,Yes,1,1,1,1
TWN1164049,Yes,1,1,1,1
TWN1165348,Yes,1,0,0,0
TWN1165731,NO,0,0,0,0
TWN1168256,NO,0,0,1,1
TWN1168811,NO,0,0,0,0
TWN1168848,NO,0,0,0,0
TWN1170120,NO,0,0,0,0
TWN1171233,Yes,1,0,0,0
TWN1171523,Yes,1,0,0,0
TWN1171550,NO,0,0,1,0
TWN1174102,Yes,1,0,0,0
TWN117490,NO,0,0,0,1
TWN1175120,NO,0,0,0,0
TWN1179055,NO,0,0,1,1
TWN1186026,Yes,1,1,1,1
TWN1187827,NO,0,1,0,0
TWN1187837,NO,0,1,0,0
TWN1187855,Yes,1,1,1,1
TWN1187913,NO,0,0,0,1
TWN1187940,NO,0,0,0,0
TWN1187945,Yes,1,0,0,0
TWN1188050,NO,0,0,1,1
TWN1188143,Yes,1,1,1,1
TWN1188205,NO,0,1,1,1
TWN1188241,NO,0,0,0,0
TWN1188254,Yes,1,0,0,0
TWN1188323,Yes,1,1,1,1
TWN1188328,Yes,1,1,0,0
TWN1188384,NO,0,1,0,0
TWN1188444,NO,0,0,0,1
TWN1188457,NO,0,0,0,1
TWN1188475,NO,0,0,0,0
TWN1189179,NO,0,0,0,0
TWN1189180,NO,0,0,0,0
TWN1189195,NO,0,0,1,1
TWN1189217,Yes,1,1,1,1
TWN1189234,Yes,1,1,1,1
TWN1189303,Yes,1,1,1,1
TWN1189432,NO,0,0,0,0
TWN1189522,NO,0,0,0,0
TWN1189530,Yes,1,1,1,1
TWN1189532,NO,0,0,0,0
TWN1189561,NO,0,1,0,0
TWN1189568,NO,0,1,0,0
TWN1189583,Yes,1,1,1,1
TWN1189587,NO,0,0,1,1
TWN1189606,NO,0,1,0,0
TWN1189621,NO,0,0,0,0
TWN1189637,Yes,1,0,0,0
TWN1189652,NO,0,0,1,1
TWN1189662,NO,0,0,0,1
TWN1189684,NO,0,0,0,0
TWN1189923,Yes,1,1,1,1
TWN1189931,Yes,1,1,0,0
TWN1189956,NO,0,0,0,0
TWN1189962,NO,0,0,0,0
TWN1190048,NO,0,1,1,0
TWN1190059,NO,0,1,1,1
TWN1190200,Yes,1,0,0,0
TWN1190222,NO,0,0,1,1
TWN1190613,NO,0,1,0,0
TWN1190651,Yes,1,1,0,0
TWN1190658,NO,0,0,0,0
TWN1190680,NO,0,0,1,0
TWN1190742,NO,0,0,0,0
TWN1190841,NO,0,0,0,0
TWN1190872,Yes,1,1,1,1
TWN1190952,Yes,1,1,1,1
TWN1191171,NO,0,0,0,0
TWN1191196,Yes,1,1,1,1
TWN1191655,NO,0,0,0,1
TWN1191715,Yes,1,1,1,1
TWN1191746,NO,0,0,1,0
TWN1191801,Yes,1,1,1,1
TWN1191824,NO,0,0,0,1
TWN1191825,NO,0,1,0,0
TWN1191908,Yes,1,1,1,1
TWN1191917,NO,0,0,1,1
TWN1191949,NO,0,0,0,0
TWN1194047,NO,0,0,0,0
TWN1194065,Yes,1,0,0,0
TWN1194071,NO,0,0,0,0
TWN1194083,Yes,1,0,0,0
TWN1194091,NO,0,0,1,1
TWN1194103,Yes,1,1,1,1
TWN1194107,Yes,1,1,1,1
TWN1194112,NO,0,0,0,0
TWN1194183,Yes,1,1,1,1
TWN1194189,NO,0,0,0,1
TWN1194230,Yes,1,0,0,0
TWN1194271,NO,0,0,0,0
TWN1194277,Yes,1,1,1,1
TWN1194279,Yes,1,1,1,1
TWN1194289,Yes,1,1,1,1
TWN1194675,Yes,1,0,0,0
TWN1194696,NO,0,1,1,1
TWN1194705,Yes,1,0,0,0
TWN1194734,NO,0,0,0,0
TWN1194745,NO,0,1,1,0
TWN1195790,NO,0,0,0,0
TWN1196316,NO,0,0,1,1
TWN1196331,NO,0,0,0,0
TWN1196343,NO,0,1,1,0
TWN1196433,NO,0,1,0,0
TWN1196464,Yes,1,0,0,0
TWN1196487,Yes,1,1,1,1
TWN1196493,Yes,1,1,1,1
TWN1196520,NO,0,1,1,0
TWN1196545,Yes,1,1,1,1
TWN1196566,Yes,1,0,0,0
TWN1197216,NO,0,0,0,1
TWN1197218,NO,0,1,0,0
TWN1197295,NO,0,0,0,0
TWN1197857,NO,0,0,0,0
TWN1197930,NO,0,0,0,0
TWN1197931,NO,0,1,0,0
TWN1197955,Yes,1,0,0,0
TWN1198191,NO,0,0,0,1
TWN1198292,Yes,1,0,0,0
TWN1198307,NO,0,0,0,1
TWN1198463,NO,0,0,0,0
TWN1198836,NO,0,1,0,0
TWN1198840,NO,0,0,0,0
TWN1198843,NO,0,1,0,0
TWN1198850,NO,0,0,0,0
TWN1198855,NO,0,0,1,1
TWN1198861,NO,0,0,0,1
TWN1198866,Yes,1,0,0,0
TWN1198955,NO,0,1,1,0
TWN1199021,NO,0,0,0,0
TWN1199733,NO,0,0,0,1
TWN1199742,NO,0,0,0,0
TWN1199753,Yes,1,1,1,1
TWN1199830,NO,0,0,0,1
TWN1200084,Yes,1,1,1,1
TWN1200103,NO,0,0,0,0
TWN1200185,NO,0,0,0,0
TWN1200187,Yes,1,0,0,0
TWN1200698,NO,0,0,1,1
TWN1200882,Yes,1,1,0,0
TWN1200992,Yes,1,0,0,0
TWN1201050,NO,0,1,0,0
TWN1201067,NO,0,0,0,0
TWN1201103,Yes,1,1,0,0
TWN1201105,NO,0,1,0,0
TWN1201112,NO,0,1,0,0
TWN1201137,Yes,1,1,1,1
TWN1201138,NO,0,0,1,1
TWN1201154,Yes,1,1,1,1
TWN1201215,Yes,1,0,0,0
TWN1201217,NO,0,0,0,1
TWN1201224,Yes,1,1,0,0
TWN1201269,Yes,1,0,0,0
TWN1201273,Yes,1,1,1,1
TWN1201292,Yes,1,1,0,0
TWN1201304,NO,0,0,0,0
TWN1201360,Yes,1,0,0,0
TWN1201393,NO,0,0,0,0
TWN1201394,NO,0,1,0,0
TWN1201406,NO,0,1,1,0
TWN1201413,NO,0,0,1,1
TWN1201430,NO,0,1,1,0
TWN1201435,NO,0,0,1,1
TWN1201439,Yes,1,0,0,0
TWN1201470,NO,0,0,0,0
TWN1201484,Yes,1,0,0,0
TWN1201485,NO,0,1,0,0
TWN1201517,NO,0,1,1,0
TWN1201553,Yes,1,0,0,0
TWN1201556,Yes,1,1,1,1
TWN1201572,Yes,1,1,1,1
TWN1201589,Yes,1,0,0,0
TWN1201610,Yes,1,1,1,1
TWN1201613,Yes,1,1,1,1
TWN1201620,Yes,1,1,1,1
TWN1201632,NO,0,1,0,0
TWN1201636,NO,0,0,0,1
TWN1201656,Yes,1,0,0,0
TWN1201668,Yes,1,1,1,1
TWN1201730,Yes,1,1,1,1
TWN1201743,Yes,1,0,0,0
TWN1201745,Yes,1,1,1,1
TWN1201755,NO,0,0,1,0
TWN1201757,NO,0,0,0,0
TWN1201765,NO,0,0,0,0
TWN1201775,NO,0,0,1,1
TWN1201776,Yes,1,1,1,1
TWN1201801,NO,0,0,0,0
TWN1201803,NO,0,1,1,0
TWN1201806,NO,0,1,1,0
TWN1201813,NO,0,0,1,1
TWN1201862,NO,0,0,1,0
TWN1201894,NO,0,0,1,1
TWN1201927,NO,0,1,0,0
TWN1201930,NO,0,0,0,0
TWN1201935,NO,0,1,0,0
TWN1201938,NO,0,0,1,1
TWN1201943,NO,0,1,0,0
TWN1201946,Yes,1,0,0,0
TWN1201962,NO,0,0,1,0
TWN1201968,NO,0,0,1,1
TWN1201975,NO,0,0,1,0
TWN1201994,Yes,1,1,1,1
TWN1201997,NO,0,1,0,0
TWN1202000,NO,0,1,0,0
TWN1202008,NO,0,0,0,0
TWN1202010,NO,0,1,0,0
TWN1202016,NO,0,0,0,0
TWN1202029,Yes,1,1,0,0
TWN1223,NO,0,0,1,0
TWN1234,NO,0,0,0,1
TWN1251,NO,0,0,0,0
TWN1272,NO,0,1,0,0
TWN1279,NO,0,0,1,0
TWN127952,Yes,1,1,1,1
TWN1281,NO,0,0,1,0
TWN1299,NO,0,1,1,1
TWN1300120,NO,0,1,0,0
TWN1300362,Yes,1,1,1,1
TWN1300422,NO,0,1,0,0
TWN1300740,NO,0,0,0,0
TWN1301920,Yes,1,1,1,1
TWN1302400,Yes,1,1,1,1
TWN1302820,NO,0,0,1,0
TWN1303240,NO,0,0,1,0
TWN1303761,NO,0,0,1,1
TWN1303781,NO,0,0,0,0
TWN1305080,NO,0,0,1,1
TWN1305103,NO,0,0,0,1
TWN1306620,NO,0,0,1,0
TWN1306780,NO,0,0,1,1
TWN1306822,NO,0,0,1,0
TWN1307081,NO,0,0,1,1
TWN1307903,NO,0,0,0,0
TWN1308302,NO,0,0,0,0
TWN1309121,Yes,1,1,1,1
TWN1309503,NO,0,1,1,0
TWN1309841,Yes,1,0,0,0
TWN1310263,NO,0,0,1,0
TWN1312383,Yes,1,1,1,1
TWN1312463,NO,0,0,1,1
TWN1312473,NO,0,1,0,0
TWN1312642,NO,0,0,0,1
TWN1313303,NO,0,0,1,0
TWN1313442,Yes,1,1,0,0
TWN1313702,Yes,1,1,1,1
TWN1314382,NO,0,0,1,1
TWN1314802,NO,0,0,0,0
TWN1314962,Yes,1,0,0,0
TWN1315249,Yes,1,1,1,1
TWN1315502,NO,0,0,1,0
TWN1315742,Yes,1,1,1,1
TWN1315822,NO,0,0,1,0
TWN1315902,Yes,1,1,1,1
TWN1316602,NO,0,0,0,1
TWN1316608,Yes,1,0,0,0
TWN1317462,NO,0,0,0,0
TWN1318923,NO,0,0,0,0
TWN1319022,NO,0,0,1,1
TWN1319082,NO,0,0,0,0
TWN1319702,NO,0,1,0,0
TWN1320282,NO,0,0,1,0
TWN1323664,NO,0,0,0,1
TWN1324002,Yes,1,1,0,0
TWN1324662,NO,0,0,1,1
TWN1324803,Yes,1,1,1,1
TWN1324944,Yes,1,0,0,0
TWN1325302,NO,0,0,1,1
TWN1325662,Yes,1,0,0,0
TWN1326782,NO,0,0,0,1
TWN1327022,Yes,1,1,1,1
TWN1327243,Yes,1,0,0,0
TWN1327623,Yes,1,1,1,1
TWN1327962,Yes,1,0,0,0
TWN1328282,Yes,1,1,0,0
TWN1328885,Yes,1,1,1,1
TWN1328982,NO,0,0,0,0
TWN1329142,NO,0,1,0,0
TWN1330142,NO,0,0,1,1
TWN1330222,NO,0,0,0,0
TWN133039,Yes,1,0,0,0
TWN1330785,Yes,1,1,1,1
TWN1330903,NO,0,0,0,0
TWN1331142,NO,0,0,0,0
TWN1332242,Yes,1,1,0,0
TWN1332422,Yes,1,1,0,0
TWN1332862,Yes,1,1,1,1
TWN1333426,Yes,1,0,0,0
TWN1333465,Yes,1,1,1,1
TWN1333542,NO,0,0,1,1
TWN1333564,Yes,1,1,0,0
TWN1333603,NO,0,0,0,1
TWN1333743,Yes,1,1,1,1
TWN1336122,Yes,1,0,0,0
TWN1337502,NO,0,1,0,0
TWN1337572,NO,0,1,0,0
TWN1338024,NO,0,0,0,0
TWN1338102,Yes,1,1,1,1
TWN1338124,NO,0,0,0,0
TWN1338562,Yes,1,1,1,1
TWN1338583,NO,0,0,1,0
TWN1338665,NO,0,0,0,1
TWN1338687,Yes,1,0,0,0
TWN1340062,NO,0,0,0,0
TWN1340642,NO,0,0,0,0
TWN1341803,NO,0,0,0,0
TWN1342162,Yes,1,0,0,0
TWN1342484,Yes,1,1,1,1
TWN1343,NO,0,0,1,0
TWN1343262,NO,0,1,0,0
TWN1343267,Yes,1,1,0,0
TWN1345262,NO,0,1,0,0
TWN1347142,NO,0,1,0,0
TWN1347222,Yes,1,1,0,0
TWN1347282,NO,0,1,0,0
TWN1348082,Yes,1,1,1,1
TWN1348342,NO,0,0,0,0
TWN1349682,NO,0,0,0,0
TWN1349782,NO,0,0,0,0
TWN1349963,Yes,1,1,1,1
TWN1350042,NO,0,0,1,1
TWN1350622,NO,0,0,0,0
TWN1350642,Yes,1,1,1,1
TWN1352,NO,0,0,0,1
TWN1353942,NO,0,0,0,0
TWN1354402,Yes,1,1,1,1
TWN1354502,NO,0,1,0,0
TWN1355,Yes,1,1,1,1
TWN1355322,Yes,1,1,1,1
TWN1355422,NO,0,1,1,0
TWN1356083,NO,0,0,1,1
TWN1358204,NO,0,1,1,0
TWN1358302,NO,0,0,0,0
TWN1358503,NO,0,0,0,1
TWN1359263,NO,0,0,1,1
TWN1359883,Yes,1,0,0,0
TWN1359902,NO,0,0,1,1
TWN1360485,NO,0,0,0,1
TWN1360502,Yes,1,0,0,0
TWN1361104,NO,0,0,0,0
TWN1361442,NO,0,1,1,0
TWN1361583,NO,0,0,0,1
TWN1362343,Yes,1,0,0,0
TWN1364445,Yes,1,0,0,0
TWN1365250,NO,0,0,0,0
TWN1365465,Yes,1,0,0,0
TWN1366786,NO,0,0,1,1
TWN1368223,Yes,1,1,0,0
TWN1368403,Yes,1,1,1,1
TWN1369642,NO,0,0,1,1
TWN1369882,Yes,1,0,0,0
TWN1369983,Yes,1,1,1,1
TWN1370569,NO,0,0,0,0
TWN1370763,NO,0,0,1,0
TWN1370784,NO,0,1,1,0
TWN1371025,NO,0,0,0,0
TWN1371122,NO,0,1,0,0
TWN1371344,Yes,1,1,1,1
TWN1371687,Yes,1,1,1,1
TWN1371688,NO,0,0,0,1
TWN1371983,Yes,1,0,0,0
TWN1372262,Yes,1,0,0,0
TWN1372322,Yes,1,0,0,0
TWN1372565,NO,0,0,1,0
TWN1373263,Yes,1,1,1,1
TWN1373682,NO,0,0,0,0
TWN1375282,NO,0,0,0,0
TWN1375522,Yes,1,0,0,0
TWN1375582,NO,0,0,0,1
TWN1376142,NO,0,0,1,0
TWN1376363,NO,0,1,0,0
TWN1376924,NO,0,0,0,1
TWN1377002,NO,0,0,0,0
TWN1377082,Yes,1,1,0,0
TWN1377642,Yes,1,1,1,1
TWN1378042,Yes,1,1,1,1
TWN1378162,Yes,1,1,1,1
TWN1378722,NO,0,0,0,1
TWN1378962,Yes,1,1,1,1
TWN1379022,Yes,1,1,1,1
TWN1379497,NO,0,0,1,0
TWN1379499,NO,0,0,0,1
TWN1379505,NO,0,0,1,1
TWN1379506,Yes,1,0,0,0
TWN1379507,Yes,1,1,0,0
TWN1379523,Yes,1,1,0,0
TWN1380463,NO,0,0,0,1
TWN1380542,NO,0,0,0,1
TWN1383442,NO,0,0,0,0
TWN1384062,NO,0,0,0,0
TWN1384082,NO,0,0,1,1
TWN1384482,NO,0,0,0,1
TWN1384782,NO,0,0,1,0
TWN1385842,Yes,1,1,1,1
TWN1385902,Yes,1,1,1,1
TWN1386722,Yes,1,1,1,1
TWN1387002,Yes,1,0,0,0
TWN1387762,Yes,1,0,0,0
TWN1387882,Yes,1,1,0,0
TWN1388482,NO,0,0,0,0
TWN1388563,Yes,1,0,0,0
TWN1388762,Yes,1,0,0,0
TWN1389062,Yes,1,0,0,0
TWN1389142,Yes,1,1,1,1
TWN1389202,NO,0,1,0,0
TWN1389762,NO,0,0,0,0
TWN1389843,Yes,1,1,1,1
TWN1391202,NO,0,1,0,0
TWN1391563,NO,0,0,0,0
TWN1391602,Yes,1,0,0,0
TWN1391742,NO,0,0,0,0
TWN1391982,Yes,1,1,1,1
TWN1392082,Yes,1,1,1,1
TWN1392542,NO,0,0,0,0
TWN1393382,NO,0,0,0,0
TWN1393402,Yes,1,1,1,1
TWN1393602,Yes,1,0,0,0
TWN1393702,NO,0,1,1,0
TWN1393762,Yes,1,1,1,1
TWN1394102,NO,0,0,1,0
TWN1394886,NO,0,0,0,0
TWN1396042,NO,0,1,0,0
TWN1396185,Yes,1,1,1,1
TWN1396512,NO,0,1,0,0
TWN1396520,Yes,1,1,1,1
TWN1396555,Yes,1,0,0,0
TWN1396557,Yes,1,1,1,1
TWN1396907,NO,0,0,0,0
TWN1396930,NO,0,0,0,0
TWN1397577,Yes,1,1,0,0
TWN1397595,NO,0,0,0,0
TWN1398009,NO,0,0,0,0
TWN1398061,Yes,1,1,1,1
TWN1398105,Yes,1,1,1,1
TWN1398353,NO,0,1,0,0
TWN1398361,Yes,1,0,0,0
TWN1398365,Yes,1,1,1,1
TWN1398373,Yes,1,1,1,1
TWN1398380,NO,0,0,0,1
TWN1398430,Yes,1,1,1,1
TWN1398442,NO,0,1,1,0
TWN1401118,Yes,1,1,1,1
TWN1401126,Yes,1,1,1,1
TWN1401185,NO,0,1,0,0
TWN1401186,NO,0,0,1,1
TWN1401333,NO,0,1,0,0
TWN1401344,Yes,1,1,1,1
TWN1401346,Yes,1,0,0,0
TWN1401439,NO,0,0,0,0
TWN1401516,Yes,1,1,0,0
TWN1401518,NO,0,0,0,0
TWN1401528,NO,0,0,0,1
TWN1401531,NO,0,0,1,1
TWN1401557,Yes,1,1,1,1
TWN1401620,Yes,1,1,1,1
TWN1401640,NO,0,0,0,0
TWN1401712,NO,0,0,0,0
TWN1401757,NO,0,0,1,0
TWN1401827,NO,0,0,1,1
TWN1401869,Yes,1,1,0,0
TWN1401871,Yes,1,1,1,1
TWN1401879,Yes,1,0,0,0
TWN1401883,NO,0,0,0,0
TWN1402560,Yes,1,1,1,1
TWN1402582,Yes,1,1,1,1
TWN1403098,NO,0,0,0,0
TWN1403121,NO,0,1,1,0
TWN1403171,NO,0,0,0,0
TWN1403187,NO,0,0,1,1
TWN1403264,Yes,1,0,0,0
TWN1403326,Yes,1,1,0,0
TWN1403332,Yes,1,1,1,1
TWN1403351,NO,0,0,1,1
TWN1403378,Yes,1,1,1,1
TWN1403399,NO,0,0,1,1
TWN1403457,Yes,1,1,1,1
TWN1403493,NO,0,0,0,1
TWN1403548,NO,0,0,0,1
TWN1403565,Yes,1,1,1,1
TWN1403628,Yes,1,0,0,0
TWN1403648,Yes,1,1,0,0
TWN1403697,NO,0,0,1,1
TWN1403759,NO,0,0,1,1
TWN1403837,Yes,1,0,0,0
TWN1403844,NO,0,0,0,0
TWN1403877,Yes,1,0,0,0
TWN1403942,NO,0,1,0,0
TWN1404002,Yes,1,1,1,1
TWN1404033,Yes,1,0,0,0
TWN1404046,NO,0,0,1,1
TWN1405400,NO,0,0,1,0
TWN1406202,Yes,1,1,1,1
TWN1406574,NO,0,0,0,0
TWN1406693,Yes,1,1,1,1
TWN1407,Yes,1,1,0,0
TWN1408049,NO,0,1,1,0
TWN1409502,Yes,1,1,1,1
TWN1410799,Yes,1,1,1,1
TWN1411013,NO,0,1,1,0
TWN1411292,Yes,1,0,0,0
TWN1411649,NO,0,0,0,0
TWN1412089,Yes,1,0,0,0
TWN1413207,NO,0,1,0,0
TWN1414,NO,0,0,1,0
TWN1414786,NO,0,1,0,0
TWN1414818,NO,0,0,0,0
TWN1415539,Yes,1,1,1,1
TWN1415647,Yes,1,1,0,0
TWN1415691,NO,0,1,0,0
TWN1416258,NO,0,0,1,1
TWN1416645,NO,0,0,1,1
TWN1416884,Yes,1,1,1,1
TWN1416895,NO,0,0,0,1
TWN1416901,Yes,1,0,0,0
TWN1416923,Yes,1,0,0,0
TWN1417054,NO,0,1,0,0
TWN1417411,NO,0,0,1,0
TWN1418050,Yes,1,1,1,1
TWN1418364,Yes,1,0,0,0
TWN1418648,NO,0,0,1,1
TWN1418731,NO,0,0,0,0
TWN1418747,NO,0,0,0,0
TWN1419144,NO,0,0,0,0
TWN1419282,Yes,1,0,0,0
TWN1419506,Yes,1,1,1,1
TWN1419890,Yes,1,1,1,1
TWN1420043,Yes,1,1,1,1
TWN1420072,NO,0,0,1,0
TWN1420621,Yes,1,0,0,0
TWN1421419,NO,0,0,1,1
TWN1421673,Yes,1,1,1,1
TWN1421740,Yes,1,1,1,1
TWN1421814,NO,0,0,0,0
TWN1421973,Yes,1,0,0,0
TWN1422852,NO,0,0,0,0
TWN1423079,NO,0,0,0,1
TWN1423436,NO,0,1,1,0
TWN1423471,NO,0,0,0,1
TWN1424327,Yes,1,0,0,0
TWN1425893,NO,0,0,1,0
TWN1425942,Yes,1,1,1,1
TWN1426897,NO,0,0,1,1
TWN1429062,Yes,1,0,0,0
TWN1429699,NO,0,0,0,0
TWN1430052,Yes,1,0,0,0
TWN1430083,NO,0,0,0,0
TWN1431340,NO,0,0,0,1
TWN1432055,Yes,1,0,0,0
TWN1432643,NO,0,0,1,1
TWN1432713,NO,0,0,0,1
TWN1434392,NO,0,0,0,0
TWN1434726,NO,0,0,1,1
TWN1436065,Yes,1,1,1,1
TWN1436486,NO,0,0,0,1
TWN1436735,Yes,1,0,0,0
TWN1437208,Yes,1,0,0,0
TWN1438013,NO,0,0,0,0
TWN1438677,Yes,1,0,0,0
TWN1439917,Yes,1,0,0,0
TWN1442296,Yes,1,1,1,1
TWN1443064,Yes,1,0,0,0
TWN1444561,NO,0,0,1,0
TWN1444745,Yes,1,1,0,0
TWN1444822,Yes,1,1,1,1
TWN1445729,NO,0,0,1,0
TWN1446457,Yes,1,1,1,1
TWN1446782,Yes,1,1,1,1
TWN1447088,Yes,1,1,1,1
TWN1448611,NO,0,0,1,1
TWN1449733,Yes,1,1,1,1
TWN1450497,Yes,1,1,1,1
TWN1452378,NO,0,1,0,0
TWN1454491,NO,0,0,0,0
TWN1455922,Yes,1,1,0,0
TWN1456965,NO,0,0,0,1
TWN1457517,Yes,1,0,0,0
TWN1459387,NO,0,1,0,0
TWN1459662,NO,0,1,1,0
TWN1459825,Yes,1,0,0,0
TWN1461607,Yes,1,1,1,1
TWN1462832,Yes,1,0,0,0
TWN1462848,NO,0,1,0,0
TWN1463610,Yes,1,1,1,1
TWN1463631,Yes,1,1,1,1
TWN1464812,Yes,1,1,0,0
TWN1465768,NO,0,0,1,0
TWN1466573,NO,0,0,0,0
TWN1468413,NO,0,0,1,1
TWN1469054,Yes,1,0,0,0
TWN1470484,Yes,1,1,0,0
TWN1471911,NO,0,0,0,0
TWN1474701,NO,0,0,1,0
TWN1475882,Yes,1,1,1,1
TWN1477989,Yes,1,1,1,1
TWN1479599,Yes,1,1,1,1
TWN1479761,Yes,1,1,1,1
TWN1480357,Yes,1,1,1,1
TWN1482079,NO,0,0,1,1
TWN1483224,NO,0,0,1,1
TWN1483870,Yes,1,0,0,0
TWN1484118,NO,0,0,0,0
TWN1484182,NO,0,1,0,0
TWN148456,Yes,1,1,1,1
TWN1484777,Yes,1,1,1,1
TWN1485012,NO,0,1,1,1
TWN148533,NO,0,0,1,0
TWN1490397,NO,0,0,1,1
TWN1491515,NO,0,0,0,0
TWN1496992,NO,0,0,0,0
TWN1497249,NO,0,0,1,1
TWN1497541,NO,0,0,0,0
TWN1499421,NO,0,0,1,1
TWN1500928,Yes,1,1,1,1
TWN1501749,NO,0,0,0,0
TWN1501848,Yes,1,1,0,0
TWN1502299,Yes,1,1,1,1
TWN1502739,NO,0,0,0,1
TWN1505916,NO,0,0,0,0
TWN1506,NO,0,0,1,0
TWN1507663,Yes,1,1,1,1
TWN1509,NO,0,0,1,1
TWN1510685,Yes,1,1,0,0
TWN1511590,Yes,1,0,0,0
TWN1511598,Yes,1,1,1,1
TWN1512113,Yes,1,0,0,0
TWN151286,NO,0,0,0,0
TWN1513801,NO,0,0,0,0
TWN1516888,Yes,1,1,0,0
TWN1517335,Yes,1,1,1,1
TWN1517867,NO,0,0,1,1
TWN1518132,Yes,1,0,0,0
TWN1518869,Yes,1,1,1,1
TWN1519624,Yes,1,1,1,1
TWN1519948,Yes,1,1,1,1
TWN1520009,Yes,1,1,0,0
TWN1520510,Yes,1,0,0,0
TWN1521,NO,0,0,0,1
TWN1521445,NO,0,0,0,1
TWN1522956,NO,0,0,0,0
TWN1523250,NO,0,1,1,0
TWN1525322,NO,0,0,0,0
TWN1525444,Yes,1,0,0,0
TWN1525535,Yes,1,0,0,0
TWN1526254,Yes,1,1,0,0
TWN1526743,Yes,1,1,1,1
TWN1528,Yes,1,1,1,1
TWN1529108,NO,0,0,0,1
TWN1529351,NO,0,0,0,0
TWN1529492,NO,0,0,0,1
TWN1530802,Yes,1,1,1,1
TWN1534000,Yes,1,1,1,1
TWN1535231,Yes,1,0,0,0
TWN1535600,NO,0,0,0,0
TWN1536022,NO,0,1,1,0
TWN1536385,NO,0,0,0,1
TWN1536720,Yes,1,0,0,0
TWN1536793,NO,0,0,0,0
TWN1537291,NO,0,0,0,0
TWN1539077,NO,0,0,0,0
TWN1539137,Yes,1,1,1,1
TWN1539524,NO,0,0,1,0
TWN1540,Yes,1,0,0,0
TWN1540163,NO,0,0,1,1
TWN1540390,Yes,1,1,1,1
TWN1541827,NO,0,1,0,0
TWN1543489,NO,0,0,1,1
TWN1544468,Yes,1,0,0,0
TWN1544835,NO,0,0,0,0
TWN1544950,NO,0,0,0,0
TWN1545234,NO,0,0,1,1
TWN1545235,NO,0,0,1,1
TWN1546059,Yes,1,0,0,0
TWN1546215,Yes,1,1,1,1
TWN1546218,Yes,1,0,0,0
TWN154710,NO,0,0,1,1
TWN1548074,Yes,1,0,0,0
TWN1548092,NO,0,0,1,0
TWN1548934,Yes,1,1,1,1
TWN1549,NO,0,0,0,0
TWN1550,Yes,1,1,1,1
TWN1550540,Yes,1,1,1,1
TWN1550630,Yes,1,1,1,1
TWN1554748,Yes,1,1,1,1
TWN1554785,Yes,1,1,1,1
TWN1555088,NO,0,0,0,0
TWN1555864,Yes,1,1,1,1
TWN1556216,Yes,1,1,1,1
TWN1557361,Yes,1,1,1,1
TWN1557927,NO,0,0,0,1
TWN1558,NO,0,1,1,0
TWN1558642,NO,0,0,1,0
TWN1558698,Yes,1,1,0,0
TWN1559763,NO,0,0,0,1
TWN1560176,Yes,1,0,0,0
TWN1561045,Yes,1,0,0,0
TWN1561138,NO,0,1,0,0
TWN1561463,Yes,1,0,0,0
TWN1562078,Yes,1,1,1,1
TWN1562801,NO,0,0,0,0
TWN1563936,NO,0,1,1,0
TWN1564092,NO,0,0,1,1
TWN1564350,NO,0,0,0,0
TWN1564431,Yes,1,1,0,0
TWN1564504,Yes,1,1,1,1
TWN1565201,NO,0,1,1,0
TWN1565350,Yes,1,1,1,1
TWN1566712,NO,0,0,1,1
TWN1567449,NO,0,0,0,0
TWN1567887,Yes,1,1,1,1
TWN1568,NO,0,0,0,1
TWN1568123,Yes,1,1,1,1
TWN1569130,NO,0,1,0,0
TWN1571160,NO,0,1,0,0
TWN1571208,Yes,1,1,0,0
TWN1572535,NO,0,0,0,0
TWN1572837,Yes,1,1,1,1
TWN1573868,NO,0,0,0,0
TWN1576314,NO,0,1,1,0
TWN1577511,NO,0,0,0,1
TWN1577519,NO,0,1,1,0
TWN1577925,Yes,1,1,1,1
TWN1579665,Yes,1,0,0,0
TWN1580414,Yes,1,0,0,0
TWN1582304,NO,0,1,0,0
TWN1582904,Yes,1,1,1,1
TWN1585043,NO,0,0,1,0
TWN1585922,NO,0,0,0,0
TWN1585988,NO,0,0,1,1
TWN1586324,NO,0,0,0,0
TWN1586630,Yes,1,1,0,0
TWN1586634,Yes,1,1,0,0
TWN1586661,Yes,1,1,0,0
TWN1586678,NO,0,0,0,0
TWN1587087,Yes,1,0,0,0
TWN1587102,Yes,1,0,0,0
TWN1587246,NO,0,0,0,0
TWN1587247,Yes,1,1,1,1
TWN1587282,NO,0,1,0,0
TWN1587647,Yes,1,0,0,0
TWN1587906,NO,0,0,0,1
TWN1587907,Yes,1,1,1,1
TWN1587982,NO,0,0,0,0
TWN1588103,NO,0,0,0,1
TWN1588412,Yes,1,1,1,1
TWN1588605,NO,0,0,0,0
TWN1588825,Yes,1,1,1,1
TWN1591597,NO,0,0,1,1
TWN1591776,NO,0,0,0,1
TWN1591787,NO,0,0,0,0
TWN1591788,Yes,1,1,1,1
TWN1594086,NO,0,1,0,0
TWN1594469,Yes,1,1,1,1
TWN1594843,NO,0,0,0,1
TWN1595337,NO,0,0,0,0
TWN1595448,NO,0,1,1,0
TWN1595545,Yes,1,1,1,1
TWN1595800,NO,0,0,1,0
TWN1595806,NO,0,0,1,0
TWN1596156,Yes,1,0,0,0
TWN1596304,NO,0,0,1,1
TWN1596443,NO,0,1,1,0
TWN1596762,NO,0,0,0,0
TWN1597422,Yes,1,1,0,0
TWN1597902,Yes,1,1,1,1
TWN1598049,NO,0,0,0,0
TWN1598783,Yes,1,0,0,0
TWN1598972,NO,0,0,0,0
TWN1599322,NO,0,1,0,0
TWN1599349,NO,0,1,1,0
TWN1599943,NO,0,0,1,1
TWN1600303,NO,0,1,0,0
TWN1600753,Yes,1,1,1,1
TWN1601,NO,0,1,0,0
TWN1601262,NO,0,0,1,0
TWN1602164,Yes,1,0,0,0
TWN1602579,Yes,1,1,1,1
TWN1602636,NO,0,1,0,0
TWN1603027,Yes,1,0,0,0
TWN1604011,NO,0,0,0,1
TWN1604068,Yes,1,0,0,0
TWN1608275,NO,0,0,0,0
TWN1608703,NO,0,0,1,0
TWN1613278,NO,0,0,1,1
TWN1616496,NO,0,0,0,0
TWN1617807,Yes,1,1,1,1
TWN1623,Yes,1,1,0,0
TWN1625013,Yes,1,1,0,0
TWN1625051,Yes,1,0,0,0
TWN1626181,NO,0,0,0,0
TWN1626263,NO,0,0,0,0
TWN1626274,Yes,1,1,1,1
TWN1627508,NO,0,0,0,0
TWN1627835,Yes,1,0,0,0
TWN1628823,NO,0,0,0,0
TWN1631692,NO,0,0,0,1
TWN1633310,NO,0,1,0,0
TWN1634841,NO,0,0,0,0
TWN1635221,NO,0,0,0,0
TWN1636850,NO,0,0,0,1
TWN163725,NO,0,0,0,0
TWN163732,NO,0,1,0,0
TWN1639932,NO,0,0,0,0
TWN1641260,Yes,1,0,0,0
TWN1641709,Yes,1,0,0,0
TWN164333,Yes,1,0,0,0
TWN1643878,NO,0,0,0,0
TWN1644405,NO,0,0,0,0
TWN1647741,NO,0,0,0,0
TWN164893,Yes,1,1,1,1
TWN1649709,Yes,1,1,1,1
TWN1650112,Yes,1,1,0,0
TWN1652109,Yes,1,1,1,1
TWN1652839,NO,0,1,0,0
TWN1652956,NO,0,1,1,0
TWN1654,NO,0,0,1,1
TWN165580,NO,0,1,0,0
TWN1656195,NO,0,0,0,0
TWN1657948,Yes,1,1,0,0
TWN1658,Yes,1,1,1,1
TWN1661282,NO,0,1,1,1
TWN166349,Yes,1,1,0,0
TWN167049,Yes,1,0,0,0
TWN167193,NO,0,0,1,1
TWN1675787,NO,0,0,0,0
TWN1682235,NO,0,0,0,1
TWN1682640,NO,0,1,1,0
TWN1686750,Yes,1,0,0,0
TWN1689,NO,0,1,0,0
TWN1691626,Yes,1,1,1,1
TWN1695574,NO,0,0,1,1
TWN1697045,Yes,1,1,1,1
TWN1702953,NO,0,1,1,0
TWN1704070,Yes,1,1,0,0
TWN1707,NO,0,0,1,0
TWN1708639,Yes,1,0,0,0
TWN1709989,NO,0,1,0,0
TWN1710,Yes,1,1,0,0
TWN1713055,Yes,1,0,0,0
TWN1715229,Yes,1,1,1,1
TWN171636,Yes,1,1,1,1
TWN1717715,Yes,1,1,1,1
TWN1719232,Yes,1,1,1,1
TWN1719682,Yes,1,1,1,1
TWN1720991,NO,0,0,0,0
TWN1722647,NO,0,0,0,0
TWN1727971,NO,0,0,0,0
TWN1735429,NO,0,0,0,1
TWN1735465,Yes,1,0,0,0
TWN1739957,NO,0,0,1,0
TWN1748563,Yes,1,1,1,1
TWN1749731,Yes,1,1,1,1
TWN1750628,NO,0,0,1,0
TWN1752581,Yes,1,1,0,0
TWN1752769,Yes,1,0,0,0
TWN1755371,NO,0,1,1,0
TWN1755420,Yes,1,0,0,0
TWN1756391,Yes,1,1,1,1
TWN1757,NO,0,0,1,1
TWN1758044,NO,0,0,1,0
TWN1761152,Yes,1,1,1,1
TWN1769,NO,0,1,1,0
TWN1769443,Yes,1,1,1,1
TWN1772922,NO,0,1,0,0
TWN1777572,NO,0,0,1,1
TWN1781704,NO,0,0,0,1
TWN1789969,Yes,1,1,1,1
TWN1790822,Yes,1,1,1,1
TWN1791,Yes,1,0,0,0
TWN1793,NO,0,0,0,0
TWN1793573,NO,0,0,0,0
TWN1799863,NO,0,1,1,0
TWN1806003,NO,0,1,0,0
TWN180942,Yes,1,1,1,1
TWN1811584,Yes,1,1,1,1
TWN1816412,NO,0,0,1,1
TWN1819483,Yes,1,0,0,0
TWN1825323,Yes,1,0,0,0
TWN1841278,Yes,1,1,1,1
TWN1844,NO,0,0,0,0
TWN1847110,Yes,1,1,1,1
TWN1847202,NO,0,0,0,0
TWN1847226,Yes,1,1,1,1
TWN1850482,NO,0,1,1,0
TWN1850502,NO,0,0,0,1
TWN1855,NO,0,0,1,0
TWN1855782,NO,0,0,1,1
TWN1856522,NO,0,0,0,0
TWN1863562,NO,0,1,1,0
TWN1871,Yes,1,1,1,1
TWN1881603,Yes,1,0,0,0
TWN1884682,NO,0,1,0,0
TWN1885642,NO,0,0,1,1
TWN1890362,Yes,1,1,1,1
TWN1890624,NO,0,0,1,1
TWN1890762,Yes,1,0,0,0
TWN1893438,Yes,1,1,1,1
TWN1894822,Yes,1,0,0,0
TWN1895,NO,0,1,0,0
TWN1895402,Yes,1,0,0,0
TWN1895566,NO,0,1,0,0
TWN1896004,Yes,1,1,1,1
TWN1896588,Yes,1,1,1,1
TWN1897047,NO,0,1,0,0
TWN1899,NO,0,1,0,0
TWN1900282,Yes,1,0,0,0
TWN1900496,NO,0,0,1,1
TWN1900547,Yes,1,1,1,1
TWN1905264,NO,0,1,1,0
TWN1908,NO,0,0,0,1
TWN1908782,NO,0,0,1,0
TWN1909382,Yes,1,0,0,0
TWN1911,NO,0,0,0,1
TWN1911962,Yes,1,1,1,1
TWN1913,NO,0,1,1,0
TWN1915071,NO,0,1,0,0
TWN1915083,NO,0,1,0,0
TWN1915762,NO,0,0,0,0
TWN1919024,NO,0,0,1,1
TWN1923022,Yes,1,0,0,0
TWN1923984,NO,0,1,1,0
TWN1927142,Yes,1,1,1,1
TWN1928918,Yes,1,1,1,1
TWN1929091,Yes,1,1,1,1
TWN1931742,Yes,1,1,1,1
TWN1932,Yes,1,1,1,1
TWN1933,NO,0,0,0,1
TWN1933513,Yes,1,1,1,1
TWN1934319,NO,0,0,1,1
TWN1934617,Yes,1,1,1,1
TWN1934750,NO,0,0,1,0
TWN1934780,NO,0,0,0,0
TWN1937495,NO,0,0,0,0
TWN1937758,Yes,1,1,1,1
TWN1937990,NO,0,0,1,0
TWN1938071,NO,0,0,0,0
TWN1940444,NO,0,0,0,1
TWN1941359,NO,0,1,0,0
TWN1942223,NO,0,1,1,0
TWN1943347,NO,0,0,0,0
TWN1947,Yes,1,0,0,0
TWN1964699,NO,0,0,0,1
TWN1966407,Yes,1,1,1,1
TWN1970,NO,0,0,0,0
TWN1972,NO,0,1,0,0
TWN1974,NO,0,1,0,0
TWN1999882,NO,0,0,1,0
TWN2002443,NO,0,1,0,0
TWN2002835,Yes,1,0,0,0
TWN2005281,Yes,1,0,0,0
TWN2008028,Yes,1,0,0,0
TWN2014989,NO,0,1,0,0
TWN2015982,Yes,1,0,0,0
TWN2017910,Yes,1,1,1,1
TWN2019397,Yes,1,0,0,0
TWN2019443,NO,0,0,0,0
TWN2026248,NO,0,1,0,0
TWN2027687,Yes,1,1,1,1
TWN2032626,Yes,1,1,1,1
TWN2032755,NO,0,0,0,0
TWN2044,NO,0,1,1,0
TWN2047146,Yes,1,0,0,0
TWN2048543,Yes,1,0,0,0
TWN2049,Yes,1,1,1,1
TWN2053947,NO,0,0,0,1
TWN2054325,Yes,1,1,1,1
TWN2064,Yes,1,1,1,1
TWN2066,NO,0,0,1,0
TWN2066570,Yes,1,0,0,0
TWN2070089,Yes,1,0,0,0
TWN2072148,Yes,1,1,0,0
TWN2075,Yes,1,0,0,0
TWN2077100,NO,0,0,0,0
TWN2077256,Yes,1,1,1,1
TWN2078123,Yes,1,0,0,0
TWN2104692,Yes,1,1,1,1
TWN2111342,NO,0,0,1,1
TWN2112288,Yes,1,0,0,0
TWN2115738,NO,0,0,0,0
TWN2118601,NO,0,1,0,0
TWN2121363,Yes,1,1,0,0
TWN2124024,NO,0,1,1,0
TWN2129966,NO,0,1,0,0
TWN2168328,Yes,1,0,0,0
TWN2168737,NO,0,1,0,0
TWN2170122,NO,0,1,0,0
TWN2174383,NO,0,0,0,1
TWN2178,Yes,1,0,0,0
TWN2183102,NO,0,0,1,0
TWN2184039,NO,0,0,1,1
TWN2189,NO,0,0,0,1
TWN2204514,Yes,1,1,1,1
TWN2205,NO,0,1,0,0
TWN2207,NO,0,1,0,0
TWN2218662,Yes,1,1,1,1
TWN2233539,NO,0,0,0,0
TWN2245,NO,0,0,0,0
TWN2247440,Yes,1,1,0,0
TWN2264939,NO,0,0,0,1
TWN2268239,Yes,1,0,0,0
TWN2282686,Yes,1,1,1,1
TWN2283831,NO,0,1,0,0
TWN2284217,Yes,1,0,0,0
TWN2285251,NO,0,0,0,0
TWN2293632,Yes,1,1,1,1
TWN2297,NO,0,0,0,1
TWN2298263,Yes,1,1,1,1
TWN2298627,Yes,1,1,1,1
TWN2305,NO,0,1,1,0
TWN2306112,NO,0,0,0,0
TWN2315582,NO,0,0,1,0
TWN2317,Yes,1,1,1,1
TWN2317993,Yes,1,0,0,0
TWN2320031,Yes,1,1,1,1
TWN2320752,Yes,1,0,0,0
TWN2322666,Yes,1,1,1,1
TWN2323402,NO,0,1,0,0
TWN2323774,NO,0,0,1,1
TWN2324595,NO,0,0,1,1
TWN2327,NO,0,0,0,0
TWN2330694,NO,0,0,1,1
TWN2334638,Yes,1,0,0,0
TWN2335686,NO,0,0,0,0
TWN2345474,NO,0,1,1,1
TWN234717,Yes,1,1,1,1
TWN2348,Yes,1,0,0,0
TWN2348842,Yes,1,0,0,0
TWN2349862,NO,0,0,0,1
TWN2350404,NO,0,0,0,0
TWN2350782,NO,0,0,0,1
TWN2350783,Yes,1,0,0,0
TWN2351284,NO,0,1,1,1
TWN2351702,Yes,1,0,0,0
TWN2354965,Yes,1,0,0,0
TWN235702,NO,0,0,1,0
TWN2358864,NO,0,0,0,1
TWN2359258,Yes,1,1,1,1
TWN2364362,Yes,1,1,0,0
TWN2365542,NO,0,0,0,1
TWN2366142,Yes,1,0,0,0
TWN2366282,Yes,1,1,1,1
TWN2367915,NO,0,0,1,1
TWN2368033,Yes,1,1,1,1
TWN2369,NO,0,1,0,0
TWN2370,NO,0,1,0,0
TWN2370532,Yes,1,1,1,1
TWN2383465,NO,0,0,0,0
TWN2383473,NO,0,0,0,0
TWN2386657,NO,0,0,1,1
TWN2389242,Yes,1,1,1,1
TWN2392483,NO,0,0,0,1
TWN2404682,Yes,1,1,1,1
TWN2409087,NO,0,0,0,0
TWN2413149,NO,0,0,1,1
TWN2420766,Yes,1,1,1,1
TWN2425138,Yes,1,1,1,1
TWN2428,NO,0,1,0,0
TWN2428522,NO,0,0,0,0
TWN2429,NO,0,1,0,0
TWN2429381,Yes,1,0,0,0
TWN2431442,Yes,1,1,1,1
TWN2444,NO,0,1,0,0
TWN2448896,Yes,1,1,1,1
TWN2452630,NO,0,0,0,0
TWN2454,Yes,1,1,1,1
TWN2455270,Yes,1,1,0,0
TWN2470609,Yes,1,0,0,0
TWN2470722,Yes,1,0,0,0
TWN2471594,NO,0,1,0,0
TWN2473473,Yes,1,1,1,1
TWN2474543,NO,0,0,0,0
TWN2475263,Yes,1,1,0,0
TWN2477085,NO,0,0,0,1
TWN2477159,Yes,1,1,1,1
TWN2477166,NO,0,0,0,0
TWN2477542,NO,0,0,0,0
TWN2485907,Yes,1,1,1,1
TWN2494969,Yes,1,0,0,0
TWN2495632,NO,0,0,0,1
TWN2498821,Yes,1,1,1,1
TWN2501,NO,0,0,1,0
TWN2504604,Yes,1,0,0,0
TWN2512005,Yes,1,1,0,0
TWN2512145,Yes,1,1,0,0
TWN2516732,Yes,1,0,0,0
TWN2525722,NO,0,0,0,0
TWN2529437,NO,0,0,0,0
TWN2531863,Yes,1,1,1,1
TWN2538026,NO,0,0,1,0
TWN2550,Yes,1,1,0,0
TWN2562594,Yes,1,1,1,1
TWN2567482,Yes,1,1,1,1
TWN2573392,NO,0,1,0,0
TWN2579357,NO,0,0,1,1
TWN2595305,NO,0,0,0,0
TWN2599,Yes,1,0,0,0
TWN2609947,NO,0,0,0,0
TWN2609971,NO,0,0,0,0
TWN2621,NO,0,1,0,0
TWN2623412,NO,0,0,0,1
TWN2640790,NO,0,0,0,0
TWN2643022,NO,0,0,0,0
TWN2645016,NO,0,0,0,0
TWN2645403,NO,0,0,0,1
TWN2647307,Yes,1,0,0,0
TWN2654108,Yes,1,1,1,1
TWN2656442,Yes,1,1,1,1
TWN2666605,Yes,1,1,1,1
TWN2672177,Yes,1,0,0,0
TWN2672392,NO,0,0,0,0
TWN2674456,Yes,1,1,1,1
TWN2676513,Yes,1,0,0,0
TWN2688765,Yes,1,0,0,0
TWN2689709,Yes,1,1,0,0
TWN2691277,Yes,1,0,0,0
TWN2698805,Yes,1,1,1,1
TWN2722794,NO,0,0,0,0
TWN2730498,Yes,1,1,1,1
TWN2733,NO,0,1,1,0
TWN2737208,NO,0,0,0,0
TWN2741036,Yes,1,1,0,0
TWN274434,NO,0,0,1,0
TWN2747025,Yes,1,0,0,0
TWN2749785,NO,0,1,0,0
TWN2755210,Yes,1,1,1,1
TWN2765,NO,0,0,1,0
TWN2770902,NO,0,0,0,0
TWN2773,Yes,1,0,0,0
TWN2775966,Yes,1,0,0,0
TWN2780345,Yes,1,1,0,0
TWN2782167,Yes,1,1,1,1
TWN2785026,NO,0,0,0,0
TWN2791005,NO,0,0,1,1
TWN2795168,Yes,1,1,1,1
TWN2797325,NO,0,0,0,0
TWN2797634,NO,0,1,0,0
TWN2828805,Yes,1,1,0,0
TWN2831987,Yes,1,1,1,1
TWN2838543,NO,0,0,1,0
TWN2841625,NO,0,0,1,0
TWN2844429,NO,0,0,0,0
TWN2845789,NO,0,1,0,0
TWN2845920,Yes,1,0,0,0
TWN2851565,NO,0,0,0,1
TWN2851566,Yes,1,0,0,0
TWN2851606,NO,0,0,1,0
TWN2852165,Yes,1,1,0,0
TWN2852265,Yes,1,1,1,1
TWN2852545,NO,0,0,1,1
TWN2852585,NO,0,1,1,0
TWN2852685,Yes,1,1,1,1
TWN2853365,NO,0,0,0,1
TWN2853525,NO,0,0,1,1
TWN2855077,NO,0,1,0,0
TWN2858665,Yes,1,1,1,1
TWN2860565,NO,0,0,0,0
TWN2867349,Yes,1,1,1,1
TWN2880525,NO,0,0,0,0
TWN2886815,Yes,1,0,0,0
TWN2896785,NO,0,0,0,0
TWN2898945,NO,0,1,0,0
TWN2905485,Yes,1,1,1,1
TWN2906585,NO,0,0,0,1
TWN2914445,NO,0,0,0,0
TWN2916805,Yes,1,0,0,0
TWN2924879,NO,0,0,0,1
TWN293183,Yes,1,1,1,1
TWN2935368,NO,0,0,0,0
TWN2936953,NO,0,1,0,0
TWN2942121,Yes,1,0,0,0
TWN2945024,Yes,1,1,1,1
TWN2953258,Yes,1,1,1,1
TWN2955,NO,0,1,1,0
TWN2955464,NO,0,1,1,0
TWN2957487,Yes,1,1,1,1
TWN2959385,Yes,1,1,1,1
TWN2964396,NO,0,0,0,0
TWN2969143,NO,0,0,1,1
TWN2972983,NO,0,1,0,0
TWN2976568,NO,0,0,0,0
TWN2980428,NO,0,0,1,1
TWN2984230,NO,0,0,0,0
TWN2984610,NO,0,0,0,0
TWN2986106,NO,0,0,0,0
TWN2988705,Yes,1,1,1,1
TWN2999366,Yes,1,1,0,0
TWN3000,Yes,1,1,1,1
TWN3000797,NO,0,0,0,0
TWN3001885,NO,0,0,1,0
TWN3003985,NO,0,0,0,0
TWN3005785,NO,0,0,0,0
TWN3012361,Yes,1,1,1,1
TWN3020,Yes,1,0,0,0
TWN3024353,Yes,1,0,0,0
TWN3027906,Yes,1,0,0,0
TWN3028,Yes,1,0,0,0
TWN3028327,NO,0,0,0,0
TWN3030038,NO,0,0,0,1
TWN3030062,Yes,1,1,1,1
TWN3036122,NO,0,0,0,0
TWN3044818,Yes,1,1,0,0
TWN3046751,Yes,1,1,0,0
TWN3051527,NO,0,1,0,0
TWN3053165,NO,0,0,0,0
TWN3055825,Yes,1,1,1,1
TWN3059367,NO,0,0,1,1
TWN3062096,Yes,1,0,0,0
TWN3073175,Yes,1,0,0,0
TWN3073910,NO,0,1,1,0
TWN3075698,Yes,1,0,0,0
TWN3078650,NO,0,0,0,1
TWN3079205,NO,0,0,0,1
TWN3081522,Yes,1,0,0,0
TWN3083236,Yes,1,1,1,1
TWN3083240,Yes,1,1,1,1
TWN3083606,NO,0,1,0,0
TWN3085764,NO,0,1,1,0
TWN3085934,Yes,1,1,1,1
TWN3087256,Yes,1,1,1,1
TWN3096871,Yes,1,0,0,0
TWN3097612,Yes,1,1,1,1
TWN3098096,Yes,1,1,1,1
TWN3098951,Yes,1,1,1,1
TWN3099076,Yes,1,0,0,0
TWN3100645,Yes,1,1,0,0
TWN3101271,Yes,1,1,1,1
TWN3102336,Yes,1,0,0,0
TWN3104433,NO,0,1,1,0
TWN3105403,NO,0,0,0,1
TWN3108321,Yes,1,0,0,0
TWN3110386,Yes,1,1,1,1
TWN3110511,Yes,1,0,0,0
TWN3113402,Yes,1,0,0,0
TWN3114093,NO,0,0,0,0
TWN3115344,Yes,1,0,0,0
TWN3116114,Yes,1,1,1,1
TWN3117179,Yes,1,1,1,1
TWN3118197,NO,0,0,1,0
TWN3118915,NO,0,0,1,1
TWN3123576,NO,0,0,0,1
TWN3125445,Yes,1,1,1,1
TWN3126068,NO,0,0,0,0
TWN3126418,Yes,1,1,0,0
TWN3130235,NO,0,1,0,0
TWN3130777,NO,0,0,1,0
TWN3141729,NO,0,0,0,0
TWN3142628,Yes,1,0,0,0
TWN3144779,Yes,1,1,1,1
TWN3145103,Yes,1,0,0,0
TWN3146653,NO,0,0,1,1
TWN3146677,NO,0,0,1,0
TWN3146789,NO,0,0,0,1
TWN3147374,NO,0,1,0,0
TWN3148151,Yes,1,1,1,1
TWN3148152,NO,0,0,0,1
TWN3148992,Yes,1,0,0,0
TWN3149351,Yes,1,1,0,0
TWN3149711,Yes,1,0,0,0
TWN3149831,NO,0,0,1,1
TWN3149932,Yes,1,1,1,1
TWN3150411,NO,0,0,0,0
TWN3150412,NO,0,1,0,0
TWN3150572,NO,0,0,0,1
TWN3153332,Yes,1,1,1,1
TWN3155141,Yes,1,1,1,1
TWN3162674,Yes,1,1,1,1
TWN3165957,NO,0,0,0,0
TWN3167697,Yes,1,1,1,1
TWN3167945,NO,0,1,0,0
TWN3168173,NO,0,0,0,1
TWN3168313,Yes,1,0,0,0
TWN3168771,Yes,1,1,0,0
TWN3168845,NO,0,0,0,0
TWN3168980,Yes,1,1,1,1
TWN3169755,NO,0,0,0,1
TWN3169991,NO,0,0,0,0
TWN3173991,Yes,1,1,1,1
TWN3174451,Yes,1,1,1,1
TWN3175177,NO,0,0,0,0
TWN3177435,Yes,1,1,1,1
TWN3177465,NO,0,0,0,0
TWN3177664,Yes,1,0,0,0
TWN3177923,NO,0,1,0,0
TWN3178221,NO,0,0,0,0
TWN3181698,NO,0,0,1,1
TWN3183317,NO,0,0,0,0
TWN3183341,NO,0,1,1,1
TWN3185677,Yes,1,0,0,0
TWN3185869,Yes,1,1,0,0
TWN3188073,Yes,1,0,0,0
TWN3188536,Yes,1,1,1,1
TWN3189508,Yes,1,1,1,1
TWN3189927,NO,0,0,1,1
TWN3190,NO,0,1,0,0
TWN3190413,NO,0,1,0,0
TWN3190813,Yes,1,1,1,1
TWN3191703,NO,0,0,0,0
TWN3191951,NO,0,0,1,1
TWN3192078,NO,0,0,0,0
TWN3194162,Yes,1,1,1,1
TWN3194575,NO,0,0,1,0
TWN3196099,NO,0,1,0,0
TWN3196293,NO,0,0,1,1
TWN3197152,Yes,1,1,1,1
TWN3198642,Yes,1,1,1,1
TWN3199842,Yes,1,0,0,0
TWN3200225,NO,0,0,0,0
TWN3203713,Yes,1,0,0,0
TWN3203792,NO,0,0,0,0
TWN3204527,NO,0,0,0,0
TWN3206386,Yes,1,0,0,0
TWN3206452,Yes,1,1,1,1
TWN3207221,NO,0,0,1,0
TWN3207420,NO,0,0,1,0
TWN3207483,NO,0,1,0,0
TWN3208093,NO,0,0,1,1
TWN3209051,NO,0,1,0,0
TWN3211667,Yes,1,0,0,0
TWN3212262,Yes,1,1,0,0
TWN3212691,NO,0,0,0,1
TWN3213224,Yes,1,1,1,1
TWN3215155,NO,0,0,0,1
TWN3216,NO,0,0,0,1
TWN3216449,NO,0,0,0,0
TWN3217011,Yes,1,1,1,1
TWN3220126,Yes,1,1,1,1
TWN3222766,Yes,1,1,1,1
TWN3222916,Yes,1,1,1,1
TWN3223,NO,0,0,1,1
TWN3224113,Yes,1,1,1,1
TWN3224621,Yes,1,0,0,0
TWN3225122,Yes,1,1,0,0
TWN3225918,Yes,1,1,1,1
TWN3225958,Yes,1,1,1,1
TWN3230553,Yes,1,1,1,1
TWN3231017,NO,0,0,0,0
TWN3231846,NO,0,1,0,0
TWN3235131,NO,0,0,0,1
TWN3235942,NO,0,0,0,0
TWN3237584,NO,0,0,0,1
TWN3238034,Yes,1,0,0,0
TWN3240200,Yes,1,1,1,1
TWN3244064,Yes,1,0,0,0
TWN3244636,NO,0,0,0,0
TWN3246607,NO,0,0,1,1
TWN3247324,Yes,1,1,1,1
TWN3248881,Yes,1,1,0,0
TWN3252102,NO,0,0,0,1
TWN3254935,Yes,1,0,0,0
TWN3255333,NO,0,0,0,0
TWN3257494,NO,0,1,0,0
TWN3259557,Yes,1,0,0,0
TWN3259939,Yes,1,1,0,0
TWN3260980,Yes,1,0,0,0
TWN3261108,Yes,1,1,0,0
TWN3263889,NO,0,0,0,0
TWN3265373,Yes,1,1,1,1
TWN3270436,Yes,1,1,1,1
TWN3270860,NO,0,0,0,0
TWN3275064,NO,0,1,0,0
TWN3275791,NO,0,0,1,0
TWN3276429,NO,0,0,0,1
TWN3277383,NO,0,1,1,0
TWN3280457,Yes,1,0,0,0
TWN3281588,NO,0,0,1,0
TWN3281742,Yes,1,1,1,1
TWN3283246,Yes,1,1,1,1
TWN3283374,Yes,1,1,1,1
TWN3283479,Yes,1,0,0,0
TWN3284408,Yes,1,0,0,0
TWN3295010,Yes,1,1,1,1
TWN3296675,NO,0,0,0,1
TWN3296769,Yes,1,1,1,1
TWN3299427,Yes,1,1,1,1
TWN3300632,NO,0,0,0,1
TWN3300682,NO,0,1,0,0
TWN3301141,NO,0,1,1,0
TWN3301200,Yes,1,0,0,0
TWN3301263,NO,0,1,1,0
TWN3302295,NO,0,0,1,1
TWN3304905,Yes,1,1,1,1
TWN3305197,NO,0,0,0,0
TWN3306497,NO,0,0,0,0
TWN3306936,Yes,1,0,0,0
TWN3306958,NO,0,0,1,1
TWN3307910,NO,0,0,1,1
TWN3307912,NO,0,0,0,1
TWN3307999,Yes,1,1,1,1
TWN3308519,NO,0,1,1,0
TWN3309041,Yes,1,1,1,1
TWN3310166,Yes,1,0,0,0
TWN3310184,NO,0,0,1,0
TWN3311723,Yes,1,1,1,1
TWN3312207,NO,0,1,0,0
TWN3312404,Yes,1,1,1,1
TWN3312946,Yes,1,1,0,0
TWN3313086,NO,0,0,0,0
TWN3313270,Yes,1,0,0,0
TWN3313277,Yes,1,1,1,1
TWN3313283,NO,0,0,0,0
TWN3313394,NO,0,1,1,0
TWN3313497,NO,0,0,0,0
TWN3313726,Yes,1,1,1,1
TWN3313912,NO,0,0,0,1
TWN3315870,Yes,1,1,1,1
TWN3315950,NO,0,1,0,0
TWN3315951,Yes,1,0,0,0
TWN3316685,Yes,1,1,0,0
TWN3316744,NO,0,0,1,0
TWN3316861,NO,0,1,1,0
TWN3316984,NO,0,0,1,1
TWN3317416,Yes,1,0,0,0
TWN3317974,NO,0,0,0,1
TWN3318516,NO,0,0,0,0
TWN3318673,NO,0,0,0,0
TWN3318686,NO,0,0,0,0
TWN3319501,NO,0,0,0,1
TWN3319808,Yes,1,1,1,1
TWN3320614,Yes,1,0,0,0
TWN3321168,Yes,1,1,1,1
TWN3321834,NO,0,0,0,1
TWN3324482,NO,0,0,0,0
TWN3324978,Yes,1,1,1,1
TWN3326723,NO,0,0,0,1
TWN3327118,NO,0,0,0,1
TWN3327187,NO,0,0,0,1
TWN3328217,Yes,1,0,0,0
TWN3328849,NO,0,1,0,0
TWN3329083,NO,0,0,0,0
TWN3329262,Yes,1,1,1,1
TWN3332428,NO,0,0,1,1
TWN3333689,NO,0,0,1,0
TWN3334139,Yes,1,0,0,0
TWN3334218,NO,0,0,0,1
TWN3335968,NO,0,1,0,0
TWN3336108,NO,0,0,1,0
TWN3337705,Yes,1,1,1,1
TWN3339500,NO,0,0,0,0
TWN3339836,Yes,1,1,1,1
TWN3340937,NO,0,1,0,0
TWN3341337,Yes,1,1,1,1
TWN3345777,Yes,1,1,1,1
TWN3350138,NO,0,0,0,0
TWN3351598,NO,0,0,0,0
TWN3355651,NO,0,0,0,1
TWN3356101,Yes,1,1,1,1
TWN3356854,Yes,1,0,0,0
TWN3357329,NO,0,0,1,1
TWN3357394,Yes,1,1,0,0
TWN3358840,NO,0,0,0,1
TWN3359437,Yes,1,1,1,1
TWN3363221,Yes,1,0,0,0
TWN3366316,Yes,1,1,1,1
TWN3366528,Yes,1,1,1,1
TWN3367379,NO,0,0,0,0
TWN3368556,NO,0,0,0,0
TWN3369822,NO,0,0,1,1
TWN3370373,NO,0,0,1,1
TWN3370838,NO,0,0,0,1
TWN3371541,Yes,1,0,0,0
TWN3373391,Yes,1,1,0,0
TWN3374133,NO,0,0,0,0
TWN3379793,Yes,1,1,0,0
TWN3381830,NO,0,0,0,0
TWN3382301,Yes,1,1,1,1
TWN3382575,NO,0,0,0,0
TWN3384665,Yes,1,1,1,1
TWN3386431,Yes,1,0,0,0
TWN3388757,Yes,1,1,1,1
TWN3390227,NO,0,0,1,0
TWN3393015,NO,0,0,0,0
TWN3398248,Yes,1,0,0,0
TWN3398940,NO,0,0,0,0
TWN3399516,Yes,1,1,0,0
TWN3401207,NO,0,1,1,0
TWN3402773,NO,0,0,0,0
TWN3403,NO,0,1,0,0
TWN3404234,NO,0,0,1,0
TWN3406438,NO,0,0,1,0
TWN3406659,Yes,1,1,1,1
TWN3407563,Yes,1,0,0,0
TWN3407779,Yes,1,0,0,0
TWN3407787,NO,0,0,1,1
TWN3407842,NO,0,0,0,1
TWN3407921,Yes,1,1,1,1
TWN3408007,NO,0,0,1,0
TWN3408009,Yes,1,0,0,0
TWN3408045,Yes,1,1,0,0
TWN3408069,NO,0,0,0,0
TWN3409146,NO,0,0,0,0
TWN3409168,NO,0,1,1,0
TWN3409476,Yes,1,0,0,0
TWN3409627,NO,0,0,1,1
TWN3409629,Yes,1,1,1,1
TWN3409736,Yes,1,0,0,0
TWN3409747,Yes,1,1,0,0
TWN3410000,Yes,1,1,1,1
TWN3411509,NO,0,0,1,1
TWN3411534,Yes,1,1,1,1
TWN3412039,Yes,1,0,0,0
TWN3412236,Yes,1,1,1,1
TWN3412407,Yes,1,1,1,1
TWN3412410,Yes,1,1,1,1
TWN3412411,Yes,1,1,1,1
TWN3412606,Yes,1,0,0,0
TWN3412959,Yes,1,0,0,0
TWN3414090,NO,0,0,0,1
TWN3414095,NO,0,0,1,0
TWN3414133,Yes,1,1,1,1
TWN3414243,Yes,1,1,1,1
TWN3415260,Yes,1,1,1,1
TWN3415338,NO,0,1,0,0
TWN3416123,Yes,1,1,1,1
TWN3417182,NO,0,0,0,0
TWN3419710,NO,0,1,0,0
TWN3420012,NO,0,1,1,0
TWN3420180,Yes,1,0,0,0
TWN3420219,Yes,1,1,1,1
TWN3420278,Yes,1,1,1,1
TWN3420282,NO,0,0,1,1
TWN3420448,NO,0,0,0,0
TWN3420999,NO,0,0,1,0
TWN3422024,NO,0,0,0,0
TWN3423399,Yes,1,0,0,0
TWN3423427,Yes,1,1,1,1
TWN3423568,NO,0,0,0,0
TWN3423691,NO,0,1,0,0
TWN3423929,Yes,1,1,1,1
TWN3425374,Yes,1,1,0,0
TWN3426116,Yes,1,1,1,1
TWN3426302,NO,0,0,0,1
TWN3426615,Yes,1,0,0,0
TWN3427452,Yes,1,1,0,0
TWN3427563,Yes,1,1,1,1
TWN3428923,NO,0,0,1,1
TWN3428938,Yes,1,0,0,0
TWN3429013,NO,0,0,0,0
TWN3429678,NO,0,0,1,1
TWN3430930,NO,0,1,0,0
TWN3431488,NO,0,0,0,0
TWN3431619,Yes,1,1,0,0
TWN3433171,Yes,1,1,0,0
TWN3433845,Yes,1,1,1,1
TWN3434911,NO,0,1,0,0
TWN3435206,Yes,1,1,1,1
TWN3436296,NO,0,0,1,0
TWN3436867,Yes,1,1,1,1
TWN3437088,NO,0,0,0,1
TWN3437900,Yes,1,1,1,1
TWN3440319,NO,0,0,0,0
TWN3442160,Yes,1,0,0,0
TWN3443040,Yes,1,1,1,1
TWN3443692,Yes,1,1,1,1
TWN3446305,NO,0,0,0,0
TWN3449951,Yes,1,0,0,0
TWN3451168,NO,0,0,0,0
TWN3451200,NO,0,0,0,0
TWN3452042,NO,0,0,0,1
TWN3453330,Yes,1,0,0,0
TWN3453603,Yes,1,0,0,0
TWN3454935,Yes,1,1,0,0
TWN3456667,Yes,1,0,0,0
TWN3459806,Yes,1,0,0,0
TWN3460155,Yes,1,0,0,0
TWN3460350,NO,0,0,0,0
TWN3460415,Yes,1,1,1,1
TWN3461687,NO,0,0,0,0
TWN3465179,Yes,1,1,1,1
TWN3467902,Yes,1,1,0,0
TWN3468263,NO,0,0,0,1
TWN3468638,Yes,1,0,0,0
TWN3472525,NO,0,0,0,0
TWN3474328,NO,0,0,0,1
TWN3476022,Yes,1,1,0,0
TWN3476306,Yes,1,1,1,1
TWN3476380,Yes,1,0,0,0
TWN3476424,Yes,1,1,1,1
TWN3477162,NO,0,1,0,0
TWN3478402,NO,0,1,0,0
TWN3478765,Yes,1,1,1,1
TWN3481579,NO,0,0,0,0
TWN3481997,Yes,1,1,1,1
TWN3482595,Yes,1,1,1,1
TWN3483299,Yes,1,1,1,1
TWN3483977,Yes,1,1,0,0
TWN3484228,Yes,1,0,0,0
TWN3484766,Yes,1,0,0,0
TWN3485614,Yes,1,1,0,0
TWN3486143,NO,0,0,1,1
TWN3488097,NO,0,0,0,0
TWN3489949,Yes,1,1,1,1
TWN3490395,NO,0,0,0,1
TWN3491027,Yes,1,1,1,1
TWN3494080,Yes,1,0,0,0
TWN3494894,Yes,1,0,0,0
TWN3495079,Yes,1,0,0,0
TWN3496164,Yes,1,0,0,0
TWN3496842,Yes,1,0,0,0
TWN3502056,Yes,1,1,1,1
TWN3503690,NO,0,0,0,0
TWN3504317,Yes,1,1,1,1
TWN3504374,Yes,1,1,0,0
TWN3505483,NO,0,0,0,0
TWN3506980,NO,0,0,0,0
TWN3509392,Yes,1,1,1,1
TWN3512330,Yes,1,1,1,1
TWN3512933,Yes,1,1,0,0
TWN3512954,Yes,1,1,1,1
TWN3513004,Yes,1,0,0,0
TWN3514970,NO,0,0,0,1
TWN3516968,Yes,1,1,0,0
TWN3517069,Yes,1,1,1,1
TWN3517186,NO,0,0,0,1
TWN3518541,NO,0,0,0,0
TWN3519959,Yes,1,0,0,0
TWN3521583,Yes,1,1,0,0
TWN3522655,Yes,1,0,0,0
TWN3522820,Yes,1,1,1,1
TWN3523081,NO,0,1,0,0
TWN3523336,Yes,1,1,1,1
TWN3523705,Yes,1,1,1,1
TWN3524045,NO,0,0,1,0
TWN3526967,Yes,1,0,0,0
TWN3527227,NO,0,0,0,1
TWN3527994,NO,0,0,0,0
TWN3528089,NO,0,0,0,0
TWN3529082,NO,0,0,0,1
TWN3529515,NO,0,0,1,0
TWN3529575,NO,0,0,1,1
TWN3529795,NO,0,0,0,1
TWN3530439,NO,0,1,0,0
TWN3530719,NO,0,1,1,0
TWN3530724,NO,0,1,1,0
TWN3530862,NO,0,1,1,0
TWN3530879,Yes,1,0,0,0
TWN3531503,NO,0,1,0,0
TWN3531530,Yes,1,1,1,1
TWN3531683,NO,0,1,0,0
TWN3531760,NO,0,0,1,1
TWN3531772,Yes,1,1,1,1
TWN3531865,Yes,1,1,1,1
TWN3531867,NO,0,1,1,1
TWN3531943,Yes,1,1,1,1
TWN3532205,NO,0,1,0,0
TWN3532211,NO,0,0,0,1
TWN3532267,NO,0,1,0,0
TWN3532732,Yes,1,1,0,0
TWN3532802,NO,0,0,0,0
TWN3532988,NO,0,1,0,0
TWN3533038,Yes,1,1,1,1
TWN3533096,NO,0,1,0,0
TWN3533116,Yes,1,0,0,0
TWN3533415,Yes,1,0,0,0
TWN3533434,Yes,1,1,1,1
TWN3533608,Yes,1,1,1,1
TWN3533671,Yes,1,1,1,1
TWN3533808,Yes,1,1,1,1
TWN3533913,NO,0,0,0,0
TWN3534021,Yes,1,0,0,0
TWN3534924,Yes,1,0,0,0
TWN3534930,Yes,1,0,0,0
TWN3535060,NO,0,1,1,0
TWN3535295,Yes,1,0,0,0
TWN3535744,NO,0,1,0,0
TWN3536144,Yes,1,1,0,0
TWN3536235,Yes,1,1,1,1
TWN3536299,NO,0,1,1,0
TWN3536980,Yes,1,1,1,1
TWN3537110,NO,0,0,1,1
TWN3537574,NO,0,1,0,0
TWN3537594,Yes,1,1,1,1
TWN3539190,Yes,1,1,0,0
TWN3540587,NO,0,0,1,1
TWN3542568,Yes,1,0,0,0
TWN3543001,NO,0,0,0,1
TWN3543188,Yes,1,0,0,0
TWN3543599,NO,0,0,0,1
TWN3543628,Yes,1,1,1,1
TWN3543714,NO,0,1,1,0
TWN3543763,NO,0,0,1,1
TWN3544312,Yes,1,1,1,1
TWN3544540,Yes,1,1,0,0
TWN3545068,NO,0,0,0,0
TWN3546263,NO,0,1,0,0
TWN3546871,Yes,1,0,0,0
TWN3548160,NO,0,1,0,0
TWN3549193,NO,0,0,0,0
TWN3549253,NO,0,0,0,0
TWN3549767,Yes,1,0,0,0
TWN3551055,NO,0,1,1,0
TWN3551211,NO,0,0,1,0
TWN3551223,NO,0,0,0,0
TWN3551375,NO,0,0,0,0
TWN3554588,NO,0,0,0,0
TWN3554649,NO,0,0,1,0
TWN3554668,Yes,1,0,0,0
TWN3555847,NO,0,0,1,1
TWN3556038,Yes,1,0,0,0
TWN3556410,NO,0,0,0,1
TWN3556891,Yes,1,1,1,1
TWN3557603,Yes,1,1,1,1
TWN3557884,Yes,1,0,0,0
TWN3562387,Yes,1,1,1,1
TWN3563071,Yes,1,0,0,0
TWN3565285,Yes,1,1,1,1
TWN3566287,NO,0,0,0,1
TWN3566418,NO,0,1,0,0
TWN3568921,Yes,1,1,0,0
TWN3569679,Yes,1,0,0,0
TWN3571504,NO,0,0,0,0
TWN3575763,NO,0,1,0,0
TWN3576867,Yes,1,1,1,1
TWN3581029,NO,0,0,0,0
TWN3583371,NO,0,1,0,0
TWN3583801,Yes,1,1,1,1
TWN3583975,NO,0,1,0,0
TWN3584799,NO,0,1,0,0
TWN3584926,NO,0,1,0,0
TWN3585673,NO,0,1,0,0
TWN3591318,NO,0,0,1,1
TWN3597753,Yes,1,0,0,0
TWN3598178,Yes,1,1,1,1
TWN3603005,Yes,1,1,1,1
TWN3604459,Yes,1,0,0,0
TWN3605618,NO,0,0,0,0
TWN3609007,Yes,1,1,1,1
TWN3616096,NO,0,1,0,0
TWN3616634,NO,0,0,0,0
TWN3617279,NO,0,0,1,1
TWN3619863,NO,0,0,1,0
TWN3620534,Yes,1,1,1,1
TWN3621116,Yes,1,0,0,0
TWN3621945,Yes,1,0,0,0
TWN3622424,Yes,1,0,0,0
TWN3623,NO,0,0,1,1
TWN3625317,NO,0,0,1,1
TWN3626478,NO,0,1,0,0
TWN3630179,Yes,1,1,1,1
TWN363114,NO,0,0,1,1
TWN3634298,NO,0,0,1,1
TWN3634344,NO,0,0,1,0
TWN3638324,NO,0,0,0,1
TWN3641796,Yes,1,1,1,1
TWN3642835,NO,0,0,0,1
TWN3643037,NO,0,0,0,0
TWN3643127,NO,0,0,0,1
TWN3643926,NO,0,1,1,0
TWN3645183,NO,0,0,0,0
TWN3645219,NO,0,0,0,1
TWN3645686,NO,0,1,1,0
TWN3646193,Yes,1,1,0,0
TWN3646215,Yes,1,1,1,1
TWN364665,Yes,1,1,1,1
TWN3646734,NO,0,0,1,1
TWN3648029,NO,0,0,1,1
TWN3648103,NO,0,1,0,0
TWN3648116,NO,0,0,0,0
TWN3648615,NO,0,0,0,0
TWN3649982,Yes,1,1,0,0
TWN3650039,NO,0,1,1,0
TWN3650996,Yes,1,1,0,0
TWN3651330,NO,0,0,0,0
TWN3651497,NO,0,1,0,0
TWN3652018,NO,0,0,0,1
TWN3652055,Yes,1,0,0,0
TWN3653526,NO,0,0,0,0
TWN3653624,NO,0,0,1,0
TWN365371,Yes,1,1,1,1
TWN3654007,NO,0,0,0,0
TWN3654926,Yes,1,1,1,1
TWN3655164,NO,0,0,0,0
TWN3655543,NO,0,0,1,1
TWN3655646,NO,0,0,0,0
TWN3656021,Yes,1,0,0,0
TWN3657009,NO,0,0,0,0
TWN3657527,Yes,1,0,0,0
TWN3657774,NO,0,0,1,1
TWN3657794,NO,0,0,1,0
TWN3657809,Yes,1,1,1,1
TWN3658156,NO,0,1,0,0
TWN3658250,NO,0,0,0,0
TWN3659185,NO,0,1,1,0
TWN3659357,Yes,1,0,0,0
TWN3659985,Yes,1,1,1,1
TWN3660003,Yes,1,0,0,0
TWN3660304,NO,0,0,0,0
TWN3660500,Yes,1,1,1,1
TWN3660596,Yes,1,0,0,0
TWN3661088,Yes,1,1,0,0
TWN3661121,NO,0,0,1,1
TWN3661697,Yes,1,1,1,1
TWN3662437,Yes,1,0,0,0
TWN3662718,Yes,1,1,1,1
TWN3662892,Yes,1,0,0,0
TWN3663886,NO,0,1,0,0
TWN3664113,NO,0,0,0,0
TWN3664127,Yes,1,1,0,0
TWN3664325,Yes,1,0,0,0
TWN3664332,Yes,1,1,0,0
TWN3665427,NO,0,0,0,0
TWN366569,NO,0,0,0,0
TWN3666433,Yes,1,0,0,0
TWN3667004,NO,0,0,0,0
TWN3668733,Yes,1,0,0,0
TWN3669236,NO,0,0,1,1
TWN3669816,Yes,1,0,0,0
TWN3669989,NO,0,0,0,0
TWN3671160,Yes,1,1,1,1
TWN3671694,Yes,1,0,0,0
TWN3671865,Yes,1,0,0,0
TWN3672488,Yes,1,1,1,1
TWN3672642,NO,0,0,0,0
TWN3674241,NO,0,1,0,0
TWN3675042,Yes,1,1,1,1
TWN3677608,Yes,1,1,0,0
TWN3681304,NO,0,0,0,1
TWN3682626,NO,0,1,1,0
TWN3683342,Yes,1,0,0,0
TWN3683823,NO,0,0,1,0
TWN3683847,Yes,1,0,0,0
TWN3683976,NO,0,1,0,0
TWN3685720,NO,0,0,1,1
TWN3687467,Yes,1,1,1,1
TWN3691333,NO,0,1,0,0
TWN3692369,Yes,1,0,0,0
TWN3692616,Yes,1,1,1,1
TWN3693879,NO,0,0,1,0
TWN3695792,Yes,1,0,0,0
TWN3698768,NO,0,1,0,0
TWN3700235,NO,0,0,0,1
TWN3700263,NO,0,0,0,0
TWN3700284,Yes,1,1,1,1
TWN3704373,NO,0,1,0,0
TWN3704433,NO,0,0,0,0
TWN3704474,NO,0,1,0,0
TWN3704539,Yes,1,1,0,0
TWN3706499,NO,0,0,0,0
TWN3706605,NO,0,0,0,0
TWN3707493,NO,0,1,1,0
TWN3709470,NO,0,0,0,0
TWN3711204,NO,0,0,0,1
TWN3711537,NO,0,0,0,0
TWN3713717,Yes,1,1,0,0
TWN3714341,NO,0,1,1,0
TWN3714979,Yes,1,0,0,0
TWN3716165,Yes,1,0,0,0
TWN3718119,Yes,1,1,1,1
TWN3718958,Yes,1,0,0,0
TWN3719180,Yes,1,0,0,0
TWN3719257,Yes,1,0,0,0
TWN3721143,NO,0,0,0,0
TWN3722402,Yes,1,1,1,1
TWN3724268,Yes,1,1,1,1
TWN3724707,NO,0,0,1,1
TWN3724716,Yes,1,0,0,0
TWN3728357,NO,0,0,0,0
TWN3731004,Yes,1,0,0,0
TWN3736501,Yes,1,0,0,0
TWN3736567,NO,0,0,1,0
TWN3737163,Yes,1,0,0,0
TWN3739278,NO,0,0,0,0
TWN3741457,Yes,1,1,1,1
TWN3741631,Yes,1,1,1,1
TWN3745585,NO,0,0,0,0
TWN3748618,NO,0,1,1,0
TWN3751127,NO,0,1,0,0
TWN3751195,NO,0,0,0,1
TWN3753655,Yes,1,1,1,1
TWN3756617,Yes,1,1,0,0
TWN3762560,NO,0,0,0,0
TWN3770528,NO,0,0,1,1
TWN3774990,Yes,1,1,1,1
TWN3776194,NO,0,0,0,0
TWN3776946,Yes,1,0,0,0
TWN3782122,NO,0,0,0,0
TWN3783058,NO,0,0,0,0
TWN3783869,Yes,1,1,1,1
TWN3785397,NO,0,0,0,0
TWN3788337,NO,0,0,0,0
TWN3788429,Yes,1,1,0,0
TWN3790739,Yes,1,1,1,1
TWN3792209,NO,0,1,0,0
TWN3795810,Yes,1,0,0,0
TWN380330,NO,0,0,0,0
TWN3805492,Yes,1,0,0,0
TWN3807837,Yes,1,1,1,1
TWN3807902,Yes,1,0,0,0
TWN3808450,NO,0,0,0,0
TWN3861,Yes,1,0,0,0
TWN3897,Yes,1,0,0,0
TWN3905,NO,0,0,1,0
TWN3966,NO,0,1,1,0
TWN4089,NO,0,0,0,0
TWN4106,NO,0,0,1,0
TWN418195,Yes,1,1,1,1
TWN421462,Yes,1,1,1,1
TWN4216,NO,0,1,0,0
TWN4328,NO,0,0,0,1
TWN4330,Yes,1,0,0,0
TWN4334,NO,0,0,1,1
TWN4372,Yes,1,0,0,0
TWN4394,NO,0,0,1,1
TWN4403,NO,0,0,1,1
TWN4433,NO,0,0,1,1
TWN4452,NO,0,1,1,1
TWN4501,Yes,1,1,1,1
TWN4503,NO,0,1,0,0
TWN4540,NO,0,1,1,0
TWN4562,NO,0,1,1,1
TWN4570,NO,0,1,1,0
TWN4622,Yes,1,1,1,1
TWN4625,NO,0,0,1,1
TWN464387,Yes,1,0,0,0
TWN4646,NO,0,1,0,0
TWN4654,Yes,1,0,0,0
TWN466354,NO,0,1,1,0
TWN466475,NO,0,1,0,0
TWN466734,Yes,1,1,1,1
TWN467056,NO,0,1,0,0
TWN467358,NO,0,0,1,0
TWN467403,NO,0,0,0,1
TWN467778,NO,0,0,0,0
TWN467881,NO,0,0,0,0
TWN467897,Yes,1,1,1,1
TWN467929,NO,0,1,1,0
TWN4703,Yes,1,1,1,1
TWN4715,NO,0,0,0,1
TWN4729,NO,0,0,1,1
TWN4742,NO,0,1,0,0
TWN4751,NO,0,1,0,0
TWN4771,Yes,1,1,1,1
TWN4787,NO,0,0,0,0
TWN482904,Yes,1,0,0,0
TWN483324,Yes,1,0,0,0
TWN483614,NO,0,0,0,1
TWN483875,Yes,1,1,0,0
TWN484218,NO,0,0,0,1
TWN484377,NO,0,0,1,0
TWN484423,Yes,1,0,0,0
TWN484931,NO,0,1,0,0
TWN485382,Yes,1,1,1,1
TWN485900,NO,0,1,1,0
TWN485959,Yes,1,0,0,0
TWN4861,NO,0,1,1,0
TWN4865,NO,0,0,1,0
TWN486629,Yes,1,1,1,1
TWN4867,NO,0,1,1,0
TWN4870,NO,0,0,0,1
TWN490479,Yes,1,1,1,1
TWN4940,Yes,1,1,1,1
TWN4993,Yes,1,0,0,0
TWN5009,NO,0,0,0,0
TWN514472,NO,0,0,0,0
TWN514567,Yes,1,1,1,1
TWN514585,Yes,1,1,1,1
TWN514603,Yes,1,0,0,0
TWN514618,Yes,1,1,1,1
TWN514768,NO,0,0,1,0
TWN514772,Yes,1,1,1,1
TWN514815,Yes,1,0,0,0
TWN515088,Yes,1,0,0,0
TWN515108,NO,0,0,0,1
TWN515173,Yes,1,0,0,0
TWN515335,Yes,1,0,0,0
TWN515338,Yes,1,0,0,0
TWN515339,NO,0,1,0,0
TWN515364,Yes,1,0,0,0
TWN515403,NO,0,1,0,0
TWN515599,NO,0,1,0,0
TWN515647,Yes,1,0,0,0
TWN515952,Yes,1,1,1,1
TWN516184,NO,0,0,1,0
TWN516759,Yes,1,1,0,0
TWN516908,NO,0,0,1,0
TWN516946,NO,0,0,1,1
TWN517063,Yes,1,0,0,0
TWN517137,NO,0,1,0,0
TWN517725,Yes,1,1,0,0
TWN517773,NO,0,0,1,1
TWN518642,NO,0,0,0,1
TWN518850,NO,0,1,1,1
TWN519045,Yes,1,0,0,0
TWN519657,NO,0,1,0,0
TWN524297,Yes,1,1,0,0
TWN524344,NO,0,1,0,0
TWN525363,Yes,1,1,1,1
TWN526591,Yes,1,1,0,0
TWN527210,Yes,1,1,1,1
TWN527795,NO,0,1,1,0
TWN529185,Yes,1,0,0,0
TWN532707,Yes,1,1,1,1
TWN533388,Yes,1,1,0,0
TWN535002,NO,0,0,0,1
TWN536605,Yes,1,1,1,1
TWN536868,NO,0,0,0,0
TWN550711,Yes,1,1,1,1
TWN555023,Yes,1,1,1,1
TWN555738,Yes,1,1,1,1
TWN5601,Yes,1,1,1,1
TWN56101,NO,0,1,0,0
TWN561952,Yes,1,0,0,0
TWN569623,Yes,1,1,0,0
TWN585503,NO,0,1,0,0
TWN586756,Yes,1,0,0,0
TWN586772,NO,0,0,0,1
TWN586779,Yes,1,0,0,0
TWN586782,NO,0,0,0,1
TWN586786,NO,0,0,1,0
TWN586820,Yes,1,1,1,1
TWN586821,NO,0,0,0,1
TWN586822,NO,0,0,0,0
TWN586829,Yes,1,1,0,0
TWN586835,Yes,1,1,1,1
TWN586874,NO,0,0,0,1
TWN586880,NO,0,0,1,1
TWN586887,NO,0,0,0,0
TWN586904,Yes,1,0,0,0
TWN586932,NO,0,1,0,0
TWN586954,Yes,1,0,0,0
TWN586976,Yes,1,0,0,0
TWN587021,NO,0,0,0,0
TWN587061,Yes,1,1,1,1
TWN587164,NO,0,1,0,0
TWN587205,NO,0,0,0,1
TWN587242,NO,0,0,0,1
TWN587295,Yes,1,1,1,1
TWN588063,NO,0,0,0,0
TWN588065,NO,0,0,0,1
TWN588066,NO,0,0,0,0
TWN588071,NO,0,0,1,0
TWN588090,NO,0,0,0,1
TWN588201,NO,0,1,0,0
TWN588449,Yes,1,0,0,0
TWN588827,Yes,1,0,0,0
TWN588863,NO,0,0,0,0
TWN588932,NO,0,0,0,0
TWN589044,NO,0,0,0,0
TWN589409,NO,0,0,1,1
TWN589500,Yes,1,1,1,1
TWN589562,NO,0,0,0,0
TWN589633,NO,0,1,0,0
TWN590183,NO,0,0,0,0
TWN590198,NO,0,1,0,0
TWN590291,NO,0,0,0,1
TWN590890,Yes,1,0,0,0
TWN591062,Yes,1,0,0,0
TWN591189,NO,0,0,0,1
TWN591207,NO,0,0,1,1
TWN591380,NO,0,0,0,1
TWN591535,Yes,1,1,1,1
TWN591862,NO,0,1,1,0
TWN592233,Yes,1,1,1,1
TWN592386,NO,0,0,1,1
TWN592440,NO,0,0,0,0
TWN592773,NO,0,0,0,0
TWN593435,NO,0,0,1,0
TWN593474,NO,0,0,0,0
TWN5938,NO,0,0,0,1
TWN593898,NO,0,1,0,0
TWN593950,NO,0,0,0,0
TWN594493,Yes,1,1,0,0
TWN594829,NO,0,0,1,1
TWN595064,NO,0,1,0,0
TWN595106,Yes,1,0,0,0
TWN595558,Yes,1,1,0,0
TWN595767,NO,0,0,0,0
TWN5964,NO,0,0,1,1
TWN597055,NO,0,1,1,0
TWN630336,Yes,1,1,0,0
TWN634374,NO,0,0,0,1
TWN63475,NO,0,0,1,1
TWN63514,NO,0,0,0,1
TWN637063,NO,0,0,0,1
TWN639803,NO,0,0,0,0
TWN640635,NO,0,0,0,1
TWN640911,NO,0,0,0,0
TWN641340,Yes,1,1,1,1
TWN643236,Yes,1,1,0,0
TWN643502,NO,0,1,0,0
TWN646076,Yes,1,1,1,1
TWN646278,NO,0,0,1,1
TWN646551,Yes,1,0,0,0
TWN647347,NO,0,0,0,0
TWN649124,Yes,1,0,0,0
TWN650537,Yes,1,0,0,0
TWN652083,Yes,1,0,0,0
TWN652310,NO,0,1,1,0
TWN652554,NO,0,0,0,0
TWN65260,NO,0,1,1,0
TWN654997,Yes,1,1,1,1
TWN655041,Yes,1,1,1,1
TWN655070,NO,0,1,0,0
TWN655093,NO,0,1,0,0
TWN655135,NO,0,0,0,0
TWN655142,NO,0,0,0,0
TWN655159,NO,0,0,0,1
TWN655176,NO,0,1,1,0
TWN655187,NO,0,0,0,0
TWN655201,Yes,1,0,0,0
TWN655222,NO,0,0,1,0
TWN655252,NO,0,1,0,0
TWN655291,Yes,1,1,1,1
TWN655311,NO,0,0,1,1
TWN655344,Yes,1,1,1,1
TWN655351,NO,0,0,0,1
TWN655377,NO,0,0,1,1
TWN655417,NO,0,0,1,0
TWN655423,NO,0,0,0,1
TWN655455,Yes,1,0,0,0
TWN655496,Yes,1,0,0,0
TWN655525,Yes,1,1,0,0
TWN655826,Yes,1,1,1,1
TWN655865,NO,0,1,1,0
TWN655873,NO,0,0,1,1
TWN655885,Yes,1,0,0,0
TWN655896,Yes,1,0,0,0
TWN655999,NO,0,0,1,1
TWN656025,Yes,1,1,1,1
TWN656062,NO,0,1,0,0
TWN656063,NO,0,0,1,1
TWN656101,NO,0,0,0,1
TWN656141,NO,0,0,0,0
TWN656177,NO,0,1,1,0
TWN656331,NO,0,0,0,0
TWN656386,NO,0,0,1,1
TWN656463,NO,0,1,0,0
TWN657361,Yes,1,1,1,1
TWN657418,NO,0,1,0,0
TWN657439,NO,0,0,0,0
TWN657466,NO,0,1,1,0
TWN657682,NO,0,0,0,0
TWN657811,NO,0,1,0,0
TWN657827,NO,0,0,1,1
TWN658187,NO,0,0,0,0
TWN658365,NO,0,0,0,1
TWN658388,Yes,1,1,0,0
TWN658638,NO,0,1,0,0
TWN659229,Yes,1,0,0,0
TWN659259,NO,0,0,0,0
TWN659330,NO,0,0,1,1
TWN659358,NO,0,1,0,0
TWN659533,NO,0,1,0,0
TWN659879,NO,0,0,1,1
TWN660136,NO,0,1,1,0
TWN660207,NO,0,1,0,0
TWN660386,NO,0,0,1,1
TWN661043,Yes,1,0,0,0
TWN661372,NO,0,0,0,1
TWN661374,NO,0,1,0,0
TWN661551,NO,0,1,0,0
TWN661626,NO,0,0,1,1
TWN661770,Yes,1,1,1,1
TWN662016,NO,0,0,1,0
TWN662100,Yes,1,1,1,1
TWN662190,NO,0,0,0,0
TWN662653,NO,0,0,1,0
TWN662871,Yes,1,1,1,1
TWN663147,NO,0,0,0,1
TWN663517,NO,0,0,1,1
TWN6638,NO,0,0,1,1
TWN664108,NO,0,0,1,1
TWN66496,NO,0,0,1,1
TWN664987,NO,0,0,0,0
TWN665013,Yes,1,0,0,0
TWN665687,NO,0,1,1,0
TWN665948,Yes,1,0,0,0
TWN666933,NO,0,0,0,0
TWN672707,NO,0,1,0,0
TWN680807,NO,0,1,0,0
TWN681130,Yes,1,0,0,0
TWN694699,Yes,1,0,0,0
TWN6964,NO,0,1,0,0
TWN702426,Yes,1,1,0,0
TWN718276,NO,0,0,1,1
TWN718307,NO,0,0,0,1
TWN718310,NO,0,0,0,1
TWN718325,NO,0,0,0,1
TWN718339,NO,0,0,0,0
TWN718417,NO,0,0,1,1
TWN718582,NO,0,0,1,1
TWN718639,NO,0,1,0,0
TWN718652,NO,0,0,1,1
TWN718661,NO,0,1,0,0
TWN718743,NO,0,0,1,1
TWN718843,NO,0,1,1,0
TWN718870,NO,0,0,1,1
TWN718916,Yes,1,1,0,0
TWN719004,NO,0,0,1,1
TWN719092,NO,0,0,0,0
TWN719164,NO,0,0,0,1
TWN719169,NO,0,0,0,1
TWN719175,Yes,1,0,0,0
TWN719181,NO,0,0,0,0
TWN719279,Yes,1,1,1,1
TWN719281,NO,0,0,0,0
TWN719298,Yes,1,0,0,0
TWN719327,Yes,1,0,0,0
TWN719361,Yes,1,1,1,1
TWN720076,Yes,1,1,1,1
TWN720098,Yes,1,0,0,0
TWN720255,NO,0,1,1,0
TWN720271,NO,0,1,0,0
TWN720307,NO,0,0,1,1
TWN720358,NO,0,0,1,0
TWN720892,Yes,1,1,1,1
TWN720966,NO,0,1,0,0
TWN721980,NO,0,0,0,1
TWN722887,Yes,1,1,1,1
TWN724353,Yes,1,0,0,0
TWN724397,Yes,1,0,0,0
TWN726146,Yes,1,0,0,0
TWN727232,Yes,1,1,1,1
TWN727288,Yes,1,0,0,0
TWN727301,Yes,1,1,1,1
TWN727341,NO,0,0,1,0
TWN728002,NO,0,1,0,0
TWN728719,Yes,1,1,0,0
TWN729244,Yes,1,1,1,1
TWN729707,NO,0,0,0,0
TWN736625,NO,0,0,0,0
TWN7389,NO,0,0,1,0
TWN7521,Yes,1,1,1,1
TWN762767,Yes,1,1,1,1
TWN775631,Yes,1,0,0,0
TWN776788,NO,0,0,1,0
TWN776796,Yes,1,1,1,1
TWN776849,Yes,1,1,1,1
TWN776883,NO,0,0,1,0
TWN776886,NO,0,0,1,0
TWN776890,NO,0,1,0,0
TWN776897,NO,0,0,1,1
TWN776901,Yes,1,1,1,1
TWN776950,NO,0,0,1,0
TWN777017,NO,0,0,1,0
TWN777022,NO,0,0,0,0
TWN777024,NO,0,0,0,0
TWN777027,NO,0,0,1,0
TWN777086,Yes,1,0,0,0
TWN777101,NO,0,0,0,1
TWN777104,Yes,1,0,0,0
TWN777112,Yes,1,0,0,0
TWN777198,Yes,1,0,0,0
TWN777293,NO,0,0,1,0
TWN777306,NO,0,0,0,0
TWN777336,NO,0,0,0,0
TWN777416,NO,0,0,0,0
TWN777514,Yes,1,1,1,1
TWN777519,NO,0,0,1,1
TWN777613,Yes,1,0,0,0
TWN777692,Yes,1,1,1,1
TWN778017,NO,0,0,0,0
TWN778078,NO,0,0,0,1
TWN778082,Yes,1,1,1,1
TWN778096,NO,0,0,0,0
TWN778117,NO,0,0,0,0
TWN778123,Yes,1,1,1,1
TWN778288,Yes,1,1,1,1
TWN778329,Yes,1,1,1,1
TWN778376,Yes,1,0,0,0
TWN779569,NO,0,0,1,1
TWN779585,Yes,1,0,0,0
TWN780639,NO,0,1,0,0
TWN780857,NO,0,1,0,0
TWN780912,Yes,1,1,1,1
TWN780913,Yes,1,1,1,1
TWN781161,NO,0,0,0,0
TWN781199,Yes,1,1,0,0
TWN781406,NO,0,1,1,0
TWN781606,NO,0,0,0,0
TWN782225,Yes,1,1,1,1
TWN782669,NO,0,0,0,1
TWN782775,Yes,1,1,1,1
TWN785740,NO,0,1,0,0
TWN786103,Yes,1,1,1,1
TWN786150,Yes,1,0,0,0
TWN788300,NO,0,0,0,0
TWN789043,Yes,1,1,1,1
TWN792518,NO,0,1,0,0
TWN794260,Yes,1,1,1,1
TWN799336,Yes,1,0,0,0
TWN7994,NO,0,1,0,0
TWN801250,Yes,1,1,1,1
TWN802462,Yes,1,1,0,0
TWN802780,NO,0,0,0,1
TWN802922,Yes,1,1,0,0
TWN812844,Yes,1,1,1,1
TWN845398,NO,0,0,0,1
TWN845529,NO,0,0,0,0
TWN845580,NO,0,0,0,0
TWN845842,NO,0,0,1,0
TWN845886,Yes,1,1,1,1
TWN845892,NO,0,0,0,1
TWN845942,NO,0,0,0,1
TWN845974,NO,0,0,0,1
TWN846101,NO,0,0,1,1
TWN846174,NO,0,0,0,0
TWN846208,NO,0,1,1,1
TWN846224,NO,0,0,1,0
TWN846254,NO,0,1,0,0
TWN846380,Yes,1,0,0,0
TWN846395,NO,0,1,0,0
TWN846429,NO,0,1,0,0
TWN846483,NO,0,0,0,0
TWN846499,Yes,1,1,0,0
TWN846501,Yes,1,0,0,0
TWN846505,Yes,1,1,1,1
TWN846514,NO,0,0,0,0
TWN846519,NO,0,0,0,0
TWN846541,NO,0,0,1,0
TWN846548,NO,0,0,0,0
TWN848246,Yes,1,1,1,1
TWN848367,Yes,1,0,0,0
TWN848481,NO,0,0,0,1
TWN848763,NO,0,0,0,1
TWN849159,Yes,1,0,0,0
TWN849218,Yes,1,1,1,1
TWN849343,Yes,1,1,1,1
TWN849885,NO,0,0,0,0
TWN850354,Yes,1,1,1,1
TWN850427,Yes,1,0,0,0
TWN850557,NO,0,0,1,0
TWN850941,NO,0,1,0,0
TWN851102,NO,0,1,0,0
TWN851169,NO,0,1,1,0
TWN851207,NO,0,0,0,1
TWN851934,NO,0,0,0,0
TWN851989,NO,0,0,0,0
TWN852204,NO,0,0,0,0
TWN852308,NO,0,1,1,0
TWN852689,NO,0,0,0,1
TWN854757,NO,0,0,1,0
TWN854802,NO,0,1,0,0
TWN854834,NO,0,0,0,0
TWN855074,NO,0,1,0,0
TWN855092,NO,0,0,1,0
TWN855115,Yes,1,1,1,1
TWN855137,Yes,1,1,1,1
TWN855594,NO,0,0,0,0
TWN855761,NO,0,1,1,0
TWN855766,NO,0,0,1,0
TWN856649,Yes,1,0,0,0
TWN860971,NO,0,0,0,0
TWN865272,Yes,1,0,0,0
TWN865887,NO,0,0,0,0
TWN867279,Yes,1,1,1,1
TWN872856,NO,0,0,0,0
TWN876272,Yes,1,0,0,0
TWN877774,NO,0,0,1,0
TWN881763,Yes,1,1,1,1
TWN888592,Yes,1,1,1,1
TWN900578,Yes,1,1,1,1
TWN903486,Yes,1,0,0,0
TWN904019,Yes,1,1,1,1
TWN906632,NO,0,0,0,0
TWN915174,Yes,1,1,1,1
TWN927268,NO,0,0,0,0
TWN930159,Yes,1,0,0,0
TWN935564,Yes,1,1,1,1
TWN939196,Yes,1,0,0,0
TWN944010,Yes,1,0,0,0
TWN945208,Yes,1,1,1,1
TWN945263,Yes,1,0,0,0
TWN945283,NO,0,0,1,0
TWN945285,NO,0,0,1,0
TWN945317,Yes,1,0,0,0
TWN945329,NO,0,1,0,0
TWN945408,Yes,1,0,0,0
TWN945415,NO,0,1,0,0
TWN945421,NO,0,0,0,0
TWN945451,NO,0,0,0,0
TWN945457,NO,0,1,0,0
TWN945477,NO,0,1,0,0
TWN945503,NO,0,1,0,0
TWN945524,Yes,1,0,0,0
TWN945542,NO,0,1,0,0
TWN945585,NO,0,0,1,1
TWN945614,NO,0,0,1,1
TWN945621,NO,0,0,0,1
TWN945645,NO,0,0,0,0
TWN945653,Yes,1,0,0,0
TWN945691,NO,0,0,0,0
TWN945697,NO,0,1,1,0
TWN945701,Yes,1,1,1,1
TWN945704,NO,0,1,0,0
TWN945719,NO,0,0,1,0
TWN945721,Yes,1,0,0,0
TWN945738,NO,0,0,1,1
TWN945762,Yes,1,1,1,1
TWN945764,NO,0,0,0,0
TWN945774,Yes,1,1,0,0
TWN945850,NO,0,0,0,0
TWN945910,NO,0,1,1,0
TWN945920,NO,0,0,0,0
TWN945984,Yes,1,1,0,0
TWN946013,NO,0,1,0,0
TWN946032,Yes,1,1,1,1
TWN946035,Yes,1,1,1,1
TWN946067,Yes,1,1,0,0
TWN946122,Yes,1,1,1,1
TWN946137,NO,0,0,1,0
TWN946176,NO,0,0,0,1
TWN946178,Yes,1,1,1,1
TWN946184,NO,0,0,1,1
TWN946211,Yes,1,1,1,1
TWN946224,Yes,1,0,0,0
TWN946239,Yes,1,1,1,1
TWN946278,Yes,1,0,0,0
TWN946319,NO,0,1,0,0
TWN946375,NO,0,0,1,1
TWN946398,Yes,1,1,0,0
TWN946462,Yes,1,1,1,1
TWN946474,NO,0,0,0,0
TWN946477,Yes,1,0,0,0
TWN946492,Yes,1,1,1,1
TWN946506,NO,0,0,1,1
TWN946555,NO,0,1,1,0
TWN946627,NO,0,0,1,0
TWN946628,Yes,1,1,1,1
TWN946635,NO,0,0,0,1
TWN946639,NO,0,0,0,0
TWN946648,NO,0,0,1,0
TWN946652,Yes,1,1,1,1
TWN946688,NO,0,0,1,0
TWN946704,NO,0,0,1,1
TWN946734,Yes,1,1,1,1
TWN946832,NO,0,0,1,1
TWN946842,NO,0,1,1,1
TWN946849,Yes,1,1,1,1
TWN946865,NO,0,0,0,0
TWN946875,Yes,1,1,0,0
TWN946919,NO,0,1,0,0
TWN946931,NO,0,0,0,1
TWN947110,NO,0,0,1,1
TWN947142,Yes,1,1,1,1
TWN947239,NO,0,0,0,0
TWN947253,NO,0,0,1,0
TWN947364,NO,0,1,1,0
TWN947387,NO,0,0,0,1
TWN947461,Yes,1,1,1,1
TWN947476,Yes,1,0,0,0
TWN947499,Yes,1,0,0,0
TWN947667,NO,0,0,0,0
TWN947753,NO,0,0,1,1
TWN947863,Yes,1,1,1,1
TWN947894,NO,0,1,0,0
TWN949261,Yes,1,0,0,0
TWN949283,NO,0,0,0,1
TWN949312,Yes,1,1,1,1
TWN949403,Yes,1,0,0,0
TWN949480,NO,0,0,0,0
TWN949500,NO,0,1,0,0
TWN949687,Yes,1,0,0,0
TWN949892,NO,0,1,1,0
TWN950064,NO,0,1,1,0
TWN950191,NO,0,0,1,1
TWN950207,Yes,1,1,1,1
TWN950242,Yes,1,0,0,0
TWN950703,Yes,1,0,0,0
TWN950717,Yes,1,0,0,0
TWN950728,Yes,1,1,1,1
TWN951178,Yes,1,1,1,1
TWN951208,NO,0,0,1,1
TWN951590,Yes,1,0,0,0
TWN951760,Yes,1,0,0,0
TWN951917,NO,0,0,0,0
TWN952157,NO,0,0,1,1
TWN952173,NO,0,1,1,0
TWN952224,Yes,1,0,0,0
TWN952416,Yes,1,0,0,0
TWN953149,Yes,1,1,1,1
TWN953213,Yes,1,1,0,0
TWN953291,NO,0,1,0,0
TWN953683,Yes,1,0,0,0
TWN954240,Yes,1,0,0,0
TWN954795,Yes,1,0,0,0
TWN954817,NO,0,1,1,0
TWN954833,NO,0,0,1,1
TWN955003,NO,0,0,1,0
TWN955010,NO,0,0,1,1
TWN955016,Yes,1,1,0,0
TWN955575,Yes,1,1,1,1
TWN955744,NO,0,1,0,0
TWN956103,Yes,1,1,0,0
TWN956207,NO,0,1,0,0
TWN956222,Yes,1,0,0,0
TWN956489,NO,0,0,1,0
TWN956774,Yes,1,0,0,0
TWN957525,NO,0,0,0,1
TWN957697,Yes,1,0,0,0
TWN958369,NO,0,1,0,0
TWN959223,NO,0,1,0,0
TWN960399,Yes,1,1,1,1
TWN960419,NO,0,0,0,1
TWN962182,NO,0,0,0,0
TWN962694,Yes,1,1,1,1
TWN962809,Yes,1,1,1,1
TWN963592,Yes,1,1,1,1
TWN966690,NO,0,0,1,0
TWN967505,NO,0,1,1,0
TWN968660,Yes,1,1,1,1
TWN968990,Yes,1,1,1,1
TWN969756,Yes,1,1,1,1
TWN971319,NO,0,0,0,1
TWN971550,Yes,1,1,1,1
TWN973228,NO,0,0,1,0
TWN975087,NO,0,0,0,0
TWN975208,NO,0,1,1,0
TWN979767,NO,0,0,0,0
TWN982741,NO,0,1,0,0
TWN988595,Yes,1,0,0,0
TWN988828,Yes,1,0,0,0
TWN990490,NO,0,1,0,0
TWN991647,Yes,1,1,0,0
TWN992013,Yes,1,0,0,0
